srv_file,srv_line,srv_from,srv_to,srv_az_deg,srv_inc_deg,srv_dist_m,srv_lrud_raw,srv_record_raw,model_leg_no,model_segment,model_leg_dump3d,model_from,model_to,model_leg_reversed,model_dx_m,model_dy_m,model_dz_m,model_dist_m,delta_dist_m,model_az_deg,delta_az_deg,model_inc_deg,delta_inc_deg,loop_111_116,abs_delta_dist_gt_0_01,srv_sha256,status_obserwacji,status_lrud,interpretacja_modelu
CZSR.SRV,26,nvk28,nvk29,329.0,-70.0,2.64,"<0.00,2.00,1.00,0.00>","nvk28	nvk29	329.00	-70.00	2.64	<0.00,2.00,1.00,0.00>",16,Nova_Kresanica.NK_03,LEG -27.47 -9.18 -41.59 -27.94 -8.41 -44.07 [Nova_Kresanica.NK_03],Nova_Kresanica.NK_03.28,Nova_Kresanica.NK_03.29,False,-0.47,0.77,-2.48,2.63898,-0.00102,328.60054,-0.39946,-70.01097,-0.01097,False,False,27c96ae600633d80979edeacf38a1c8e19c00908729935bc00278a7fe379a399,brak pierwotnego dziennika; cyfry niepotwierdzone,brak w cave.3d,zgodna para stacji; roznice zaokraglenia wspolrzednych
CZSR.SRV,27,nvk29,nvk29a,35.0,0.0,3.02,,nvk29	nvk29a	35.00	0.00	3.02,120,Nova_Kresanica.NK_03,LEG -27.94 -8.41 -44.07 -26.21 -5.94 -44.07 [Nova_Kresanica.NK_03],Nova_Kresanica.NK_03.29,Nova_Kresanica.NK_03.29a,False,1.73,2.47,0.0,3.01559,-0.00441,35.00759,0.00759,0.0,0.0,False,False,27c96ae600633d80979edeacf38a1c8e19c00908729935bc00278a7fe379a399,brak pierwotnego dziennika; cyfry niepotwierdzone,nie dotyczy,zgodna para stacji; roznice zaokraglenia wspolrzednych
CZSR.SRV,28,nvk29,nvk30,201.0,-47.0,3.39,"<1.50,0.00,0.30,0.30>","nvk29	nvk30	201.00	-47.00	3.39	<1.50,0.00,0.30,0.30>",17,Nova_Kresanica.NK_03,LEG -27.94 -8.41 -44.07 -28.77 -10.57 -46.55 [Nova_Kresanica.NK_03],Nova_Kresanica.NK_03.29,Nova_Kresanica.NK_03.30,False,-0.83,-2.16,-2.48,3.39189,0.00189,201.01973,0.01973,-46.98342,0.01658,False,False,27c96ae600633d80979edeacf38a1c8e19c00908729935bc00278a7fe379a399,brak pierwotnego dziennika; cyfry niepotwierdzone,brak w cave.3d,zgodna para stacji; roznice zaokraglenia wspolrzednych
CZSR.SRV,29,nvk30,nvk31,233.0,-25.0,1.82,"<1.50,0.00,0.30,0.30>","nvk30	nvk31	233.00	-25.00	1.82	<1.50,0.00,0.30,0.30>",18,Nova_Kresanica.NK_03,LEG -28.77 -10.57 -46.55 -30.08 -11.56 -47.32 [Nova_Kresanica.NK_03],Nova_Kresanica.NK_03.30,Nova_Kresanica.NK_03.31,False,-1.31,-0.99,-0.77,1.81359,-0.00641,232.92074,-0.07926,-25.12363,-0.12363,False,False,27c96ae600633d80979edeacf38a1c8e19c00908729935bc00278a7fe379a399,brak pierwotnego dziennika; cyfry niepotwierdzone,brak w cave.3d,zgodna para stacji; roznice zaokraglenia wspolrzednych
CZSR.SRV,30,nvk31,nvk32,244.0,-27.0,1.88,"<1.00,0.00,0.30,0.30>","nvk31	nvk32	244.00	-27.00	1.88	<1.00,0.00,0.30,0.30>",19,Nova_Kresanica.NK_03,LEG -30.08 -11.56 -47.32 -31.59 -12.29 -48.17 [Nova_Kresanica.NK_03],Nova_Kresanica.NK_03.31,Nova_Kresanica.NK_03.32,False,-1.51,-0.73,-0.85,1.88029,0.00029,244.19885,0.19885,-26.87576,0.12424,False,False,27c96ae600633d80979edeacf38a1c8e19c00908729935bc00278a7fe379a399,brak pierwotnego dziennika; cyfry niepotwierdzone,brak w cave.3d,zgodna para stacji; roznice zaokraglenia wspolrzednych
CZSR.SRV,31,nvk32,nvk33,216.5,-7.5,2.38,"<0.00,0.60,1.60,0.00>","nvk32	nvk33	216.50	-7.50	2.38	<0.00,0.60,1.60,0.00>",20,Nova_Kresanica.NK_03,LEG -31.59 -12.29 -48.17 -32.99 -14.19 -48.48 [Nova_Kresanica.NK_03],Nova_Kresanica.NK_03.32,Nova_Kresanica.NK_03.33,False,-1.4,-1.9,-0.31,2.38036,0.00036,216.38435,-0.11565,-7.48303,0.01697,False,False,27c96ae600633d80979edeacf38a1c8e19c00908729935bc00278a7fe379a399,brak pierwotnego dziennika; cyfry niepotwierdzone,brak w cave.3d,zgodna para stacji; roznice zaokraglenia wspolrzednych
CZSR.SRV,32,nvk33,nvk34,1.5,-52.5,1.61,"<2.00,1.00,0.00,7.00>","nvk33	nvk34	1.50	-52.50	1.61	<2.00,1.00,0.00,7.00>",21,Nova_Kresanica.NK_03,LEG -32.99 -14.19 -48.48 -32.97 -13.21 -49.76 [Nova_Kresanica.NK_03],Nova_Kresanica.NK_03.33,Nova_Kresanica.NK_03.34,False,0.02,0.98,-1.28,1.6122,0.0022,1.16914,-0.33086,-52.55567,-0.05567,False,False,27c96ae600633d80979edeacf38a1c8e19c00908729935bc00278a7fe379a399,brak pierwotnego dziennika; cyfry niepotwierdzone,brak w cave.3d,zgodna para stacji; roznice zaokraglenia wspolrzednych
CZSR.SRV,33,nvk34,nvk35,242.0,-12.0,7.83,"<0.50,0.50,2.00,1.00>","nvk34	nvk35	242.00	-12.00	7.83	<0.50,0.50,2.00,1.00>",22,Nova_Kresanica.NK_03,LEG -32.97 -13.21 -49.76 -39.73 -16.81 -51.38 [Nova_Kresanica.NK_03],Nova_Kresanica.NK_03.34,Nova_Kresanica.NK_03.35,False,-6.76,-3.6,-1.62,7.82828,-0.00172,241.96272,-0.03728,-11.9432,0.0568,False,False,27c96ae600633d80979edeacf38a1c8e19c00908729935bc00278a7fe379a399,brak pierwotnego dziennika; cyfry niepotwierdzone,brak w cave.3d,zgodna para stacji; roznice zaokraglenia wspolrzednych
CZSR.SRV,34,nvk35,nvk36,199.0,5.5,2.78,"<0.50,0.50,0.00,0.60>","nvk35	nvk36	199.00	5.50	2.78	<0.50,0.50,0.00,0.60>",23,Nova_Kresanica.NK_03,LEG -39.73 -16.81 -51.38 -40.63 -19.42 -51.12 [Nova_Kresanica.NK_03],Nova_Kresanica.NK_03.35,Nova_Kresanica.NK_03.36,False,-0.9,-2.61,0.26,2.77303,-0.00697,199.02561,0.02561,5.37997,-0.12003,False,False,27c96ae600633d80979edeacf38a1c8e19c00908729935bc00278a7fe379a399,brak pierwotnego dziennika; cyfry niepotwierdzone,brak w cave.3d,zgodna para stacji; roznice zaokraglenia wspolrzednych
CZSR.SRV,35,nvk36,nvk37,265.5,9.5,3.23,"<0.50,1.00,1.00,0.00>","nvk36	nvk37	265.50	9.50	3.23	<0.50,1.00,1.00,0.00>",24,Nova_Kresanica.NK_03,LEG -40.63 -19.42 -51.12 -43.81 -19.67 -50.59 [Nova_Kresanica.NK_03],Nova_Kresanica.NK_03.36,Nova_Kresanica.NK_03.37,False,-3.18,-0.25,0.53,3.23354,0.00354,265.50486,0.00486,9.43374,-0.06626,False,False,27c96ae600633d80979edeacf38a1c8e19c00908729935bc00278a7fe379a399,brak pierwotnego dziennika; cyfry niepotwierdzone,brak w cave.3d,zgodna para stacji; roznice zaokraglenia wspolrzednych
CZSR.SRV,36,nvk37,nvk38,229.0,-36.0,3.76,"<3.00,12.00,1.00,2.00>","nvk37	nvk38	229.00	-36.00	3.76	<3.00,12.00,1.00,2.00>",25,Nova_Kresanica.NK_03,LEG -43.81 -19.67 -50.59 -46.10 -21.67 -52.80 [Nova_Kresanica.NK_03],Nova_Kresanica.NK_03.37,Nova_Kresanica.NK_03.38,False,-2.29,-2.0,-2.21,3.75875,-0.00125,228.86726,-0.13274,-36.01248,-0.01248,False,False,27c96ae600633d80979edeacf38a1c8e19c00908729935bc00278a7fe379a399,brak pierwotnego dziennika; cyfry niepotwierdzone,brak w cave.3d,zgodna para stacji; roznice zaokraglenia wspolrzednych
CZSR.SRV,37,nvk38,nvk39,299.0,0.0,1.49,"<3.00,12.00,3.00,1.00>","nvk38	nvk39	299.00	0.00	1.49	<3.00,12.00,3.00,1.00>",26,Nova_Kresanica.NK_03,LEG -46.10 -21.67 -52.80 -47.40 -20.95 -52.80 [Nova_Kresanica.NK_03],Nova_Kresanica.NK_03.38,Nova_Kresanica.NK_03.39,False,-1.3,0.72,0.0,1.48607,-0.00393,298.97971,-0.02029,0.0,0.0,False,False,27c96ae600633d80979edeacf38a1c8e19c00908729935bc00278a7fe379a399,brak pierwotnego dziennika; cyfry niepotwierdzone,brak w cave.3d,zgodna para stacji; roznice zaokraglenia wspolrzednych
CZSR.SRV,38,nvk39,nvk40,0.0,-90.0,8.59,,nvk39	nvk40	0.00	-90.00	8.59,29,Nova_Kresanica.NK_03,LEG -47.40 -20.95 -52.80 -47.40 -20.95 -61.39 [Nova_Kresanica.NK_03],Nova_Kresanica.NK_03.39,Nova_Kresanica.NK_03.40,False,0.0,0.0,-8.59,8.59,0.0,,,-90.0,0.0,False,False,27c96ae600633d80979edeacf38a1c8e19c00908729935bc00278a7fe379a399,brak pierwotnego dziennika; cyfry niepotwierdzone,nie dotyczy,zgodna para stacji; roznice zaokraglenia wspolrzednych
CZSR.SRV,39,nvk39,nvk39a,229.0,-7.0,8.35,"<1.00,1.00,4.00,1.00>","nvk39	nvk39a	229.00	-7.00	8.35	<1.00,1.00,4.00,1.00>",27,Nova_Kresanica.NK_03,LEG -47.40 -20.95 -52.80 -53.66 -26.38 -53.81 [Nova_Kresanica.NK_03],Nova_Kresanica.NK_03.39,Nova_Kresanica.NK_03.39a,False,-6.26,-5.43,-1.01,8.34821,-0.00179,229.06123,0.06123,-6.9489,0.0511,False,False,27c96ae600633d80979edeacf38a1c8e19c00908729935bc00278a7fe379a399,brak pierwotnego dziennika; cyfry niepotwierdzone,brak w cave.3d,zgodna para stacji; roznice zaokraglenia wspolrzednych
CZSR.SRV,40,nvk39a,nvk40a,118.0,53.0,7.28,"<0.00,2.00,1.00,1.00>","nvk39a	nvk40a	118.00	53.00	7.28	<0.00,2.00,1.00,1.00>",28,Nova_Kresanica.NK_03,LEG -53.66 -26.38 -53.81 -49.79 -28.44 -48.00 [Nova_Kresanica.NK_03],Nova_Kresanica.NK_03.39a,Nova_Kresanica.NK_03.40a,False,3.87,-2.06,5.81,7.2785,-0.0015,118.02636,0.02636,52.96247,-0.03753,False,False,27c96ae600633d80979edeacf38a1c8e19c00908729935bc00278a7fe379a399,brak pierwotnego dziennika; cyfry niepotwierdzone,brak w cave.3d,zgodna para stacji; roznice zaokraglenia wspolrzednych
CZSR.SRV,41,nvk40,nvk41,248.0,-3.0,9.03,"<2.00,4.00,2.00,0.00>","nvk40	nvk41	248.00	-3.00	9.03	<2.00,4.00,2.00,0.00>",30,Nova_Kresanica.NK_04,LEG -47.40 -20.95 -61.39 -55.77 -24.32 -61.86 [Nova_Kresanica.NK_04],Nova_Kresanica.NK_04.40,Nova_Kresanica.NK_04.41,False,-8.37,-3.37,-0.47,9.03519,0.00519,248.06888,0.06888,-2.9818,0.0182,False,False,27c96ae600633d80979edeacf38a1c8e19c00908729935bc00278a7fe379a399,brak pierwotnego dziennika; cyfry niepotwierdzone,brak w cave.3d,zgodna para stacji; roznice zaokraglenia wspolrzednych
CZSR.SRV,42,nvk41,nvk42,209.0,16.5,2.9,"<4.00,1.00,0.30,0.30>","nvk41	nvk42	209.00	16.50	2.90	<4.00,1.00,0.30,0.30>",31,Nova_Kresanica.NK_04,LEG -55.77 -24.32 -61.86 -57.11 -26.76 -61.03 [Nova_Kresanica.NK_04],Nova_Kresanica.NK_04.41,Nova_Kresanica.NK_04.42,False,-1.34,-2.44,0.83,2.90484,0.00484,208.77472,-0.22528,16.60249,0.10249,False,False,27c96ae600633d80979edeacf38a1c8e19c00908729935bc00278a7fe379a399,brak pierwotnego dziennika; cyfry niepotwierdzone,brak w cave.3d,zgodna para stacji; roznice zaokraglenia wspolrzednych
CZSR.SRV,43,nvk42,nvk43,203.5,61.0,2.83,"<4.00,2.00,0.10,0.30>","nvk42	nvk43	203.50	61.00	2.83	<4.00,2.00,0.10,0.30>",32,Nova_Kresanica.NK_04,LEG -57.11 -26.76 -61.03 -57.66 -28.02 -58.56 [Nova_Kresanica.NK_04],Nova_Kresanica.NK_04.42,Nova_Kresanica.NK_04.43,False,-0.55,-1.26,2.47,2.82684,-0.00316,203.58165,0.08165,60.89956,-0.10044,False,False,27c96ae600633d80979edeacf38a1c8e19c00908729935bc00278a7fe379a399,brak pierwotnego dziennika; cyfry niepotwierdzone,brak w cave.3d,zgodna para stacji; roznice zaokraglenia wspolrzednych
CZSR.SRV,44,nvk43,nvk44,202.5,-27.0,1.36,"<4.00,1.50,0.40,0.00>","nvk43	nvk44	202.50	-27.00	1.36	<4.00,1.50,0.40,0.00>",33,Nova_Kresanica.NK_04,LEG -57.66 -28.02 -58.56 -58.12 -29.13 -59.18 [Nova_Kresanica.NK_04],Nova_Kresanica.NK_04.43,Nova_Kresanica.NK_04.44,False,-0.46,-1.11,-0.62,1.35207,-0.00793,202.50982,0.00982,-27.29392,-0.29392,False,False,27c96ae600633d80979edeacf38a1c8e19c00908729935bc00278a7fe379a399,brak pierwotnego dziennika; cyfry niepotwierdzone,brak w cave.3d,zgodna para stacji; roznice zaokraglenia wspolrzednych
CZSR.SRV,45,nvk44,nvk45,226.0,-2.0,7.47,"<3.00,1.00,0.20,0.20>","nvk44	nvk45	226.00	-2.00	7.47	<3.00,1.00,0.20,0.20>",34,Nova_Kresanica.NK_04,LEG -58.12 -29.13 -59.18 -63.49 -34.32 -59.44 [Nova_Kresanica.NK_04],Nova_Kresanica.NK_04.44,Nova_Kresanica.NK_04.45,False,-5.37,-5.19,-0.26,7.47266,0.00266,225.97654,-0.02346,-1.99392,0.00608,False,False,27c96ae600633d80979edeacf38a1c8e19c00908729935bc00278a7fe379a399,brak pierwotnego dziennika; cyfry niepotwierdzone,brak w cave.3d,zgodna para stacji; roznice zaokraglenia wspolrzednych
CZSR.SRV,46,nvk45,nvk46,208.0,33.0,3.92,"<1.00,1.00,0.00,0.40>","nvk45	nvk46	208.00	33.00	3.92	<1.00,1.00,0.00,0.40>",35,Nova_Kresanica.NK_04,LEG -63.49 -34.32 -59.44 -65.04 -37.22 -57.30 [Nova_Kresanica.NK_04],Nova_Kresanica.NK_04.45,Nova_Kresanica.NK_04.46,False,-1.55,-2.9,2.14,3.92328,0.00328,208.12374,0.12374,33.05627,0.05627,False,False,27c96ae600633d80979edeacf38a1c8e19c00908729935bc00278a7fe379a399,brak pierwotnego dziennika; cyfry niepotwierdzone,brak w cave.3d,zgodna para stacji; roznice zaokraglenia wspolrzednych
CZSR.SRV,47,nvk46,nvk47,237.0,0.0,1.27,"<1.00,4.50,0.50,0.40>","nvk46	nvk47	237.00	0.00	1.27	<1.00,4.50,0.50,0.40>",36,Nova_Kresanica.NK_04,LEG -65.04 -37.22 -57.30 -66.10 -37.92 -57.30 [Nova_Kresanica.NK_04],Nova_Kresanica.NK_04.46,Nova_Kresanica.NK_04.47,False,-1.06,-0.7,0.0,1.27028,0.00028,236.56013,-0.43987,0.0,0.0,False,False,27c96ae600633d80979edeacf38a1c8e19c00908729935bc00278a7fe379a399,brak pierwotnego dziennika; cyfry niepotwierdzone,brak w cave.3d,zgodna para stacji; roznice zaokraglenia wspolrzednych
CZSR.SRV,48,nvk47,nvk48,0.0,-90.0,4.42,"<5.00,0.50,1.50,0.00>","nvk47	nvk48	0.00	-90.00	4.42	<5.00,0.50,1.50,0.00>",49,Nova_Kresanica.NK_04,LEG -66.10 -37.92 -57.30 -66.10 -37.92 -61.72 [Nova_Kresanica.NK_04],Nova_Kresanica.NK_04.47,Nova_Kresanica.NK_04.48,False,0.0,0.0,-4.42,4.42,0.0,,,-90.0,0.0,False,False,27c96ae600633d80979edeacf38a1c8e19c00908729935bc00278a7fe379a399,brak pierwotnego dziennika; cyfry niepotwierdzone,brak w cave.3d,zgodna para stacji; roznice zaokraglenia wspolrzednych
CZSR.SRV,49,nvk48,nvk49,216.0,-8.0,3.45,"<0.00,1.50,0.40,0.00>","nvk48	nvk49	216.00	-8.00	3.45	<0.00,1.50,0.40,0.00>",50,Nova_Kresanica.NK_04,LEG -66.10 -37.92 -61.72 -68.11 -40.68 -62.20 [Nova_Kresanica.NK_04],Nova_Kresanica.NK_04.48,Nova_Kresanica.NK_04.49,False,-2.01,-2.76,-0.48,3.44791,-0.00209,216.06439,0.06439,-8.00241,-0.00241,False,False,27c96ae600633d80979edeacf38a1c8e19c00908729935bc00278a7fe379a399,brak pierwotnego dziennika; cyfry niepotwierdzone,brak w cave.3d,zgodna para stacji; roznice zaokraglenia wspolrzednych
CZSR.SRV,50,nvk49,nvk50,278.5,-7.5,1.46,"<0.30,1.50,0.40,0.00>","nvk49	nvk50	278.50	-7.50	1.46	<0.30,1.50,0.40,0.00>",51,Nova_Kresanica.NK_04,LEG -68.11 -40.68 -62.20 -69.54 -40.46 -62.39 [Nova_Kresanica.NK_04],Nova_Kresanica.NK_04.49,Nova_Kresanica.NK_04.50,False,-1.43,0.22,-0.19,1.45925,-0.00075,278.74616,0.24616,-7.48139,0.01861,False,False,27c96ae600633d80979edeacf38a1c8e19c00908729935bc00278a7fe379a399,brak pierwotnego dziennika; cyfry niepotwierdzone,brak w cave.3d,zgodna para stacji; roznice zaokraglenia wspolrzednych
CZSR.SRV,51,nvk50,nvk51,170.5,-23.5,2.82,"<0.50,0.50,0.00,0.40>","nvk50	nvk51	170.50	-23.50	2.82	<0.50,0.50,0.00,0.40>",52,Nova_Kresanica.NK_04,LEG -69.54 -40.46 -62.39 -69.12 -43.02 -63.52 [Nova_Kresanica.NK_04],Nova_Kresanica.NK_04.50,Nova_Kresanica.NK_04.51,False,0.42,-2.56,-1.13,2.82965,0.00965,170.68291,0.18291,-23.53712,-0.03712,False,False,27c96ae600633d80979edeacf38a1c8e19c00908729935bc00278a7fe379a399,brak pierwotnego dziennika; cyfry niepotwierdzone,brak w cave.3d,zgodna para stacji; roznice zaokraglenia wspolrzednych
CZSR.SRV,52,nvk51,nvk52,237.0,-1.0,4.14,"<1.00,0.20,0.30,0.30>","nvk51	nvk52	237.00	-1.00	4.14	<1.00,0.20,0.30,0.30>",53,Nova_Kresanica.NK_04,LEG -69.12 -43.02 -63.52 -72.59 -45.27 -63.59 [Nova_Kresanica.NK_04],Nova_Kresanica.NK_04.51,Nova_Kresanica.NK_04.52,False,-3.47,-2.25,-0.07,4.13622,-0.00378,237.04002,0.04002,-0.9697,0.0303,False,False,27c96ae600633d80979edeacf38a1c8e19c00908729935bc00278a7fe379a399,brak pierwotnego dziennika; cyfry niepotwierdzone,brak w cave.3d,zgodna para stacji; roznice zaokraglenia wspolrzednych
CZSR.SRV,53,nvk52,nvk53,309.5,-17.5,3.52,"<1.00,0.20,0.50,0.00>","nvk52	nvk53	309.50	-17.50	3.52	<1.00,0.20,0.50,0.00>",54,Nova_Kresanica.NK_04,LEG -72.59 -45.27 -63.59 -75.18 -43.13 -64.65 [Nova_Kresanica.NK_04],Nova_Kresanica.NK_04.52,Nova_Kresanica.NK_04.53,False,-2.59,2.14,-1.06,3.52297,0.00297,309.56538,0.06538,-17.51063,-0.01063,False,False,27c96ae600633d80979edeacf38a1c8e19c00908729935bc00278a7fe379a399,brak pierwotnego dziennika; cyfry niepotwierdzone,brak w cave.3d,zgodna para stacji; roznice zaokraglenia wspolrzednych
CZSR.SRV,54,nvk53,nvk54,292.0,-13.5,5.52,"<3.00,1.00,0.50,1.00>","nvk53	nvk54	292.00	-13.50	5.52	<3.00,1.00,0.50,1.00>",55,Nova_Kresanica.NK_04,LEG -75.18 -43.13 -64.65 -80.15 -41.12 -65.94 [Nova_Kresanica.NK_04],Nova_Kresanica.NK_04.53,Nova_Kresanica.NK_04.54,False,-4.97,2.01,-1.29,5.51408,-0.00592,292.01972,0.01972,-13.52953,-0.02953,False,False,27c96ae600633d80979edeacf38a1c8e19c00908729935bc00278a7fe379a399,brak pierwotnego dziennika; cyfry niepotwierdzone,brak w cave.3d,zgodna para stacji; roznice zaokraglenia wspolrzednych
CZSR.SRV,55,nvk54,nvk55,238.0,-25.5,7.18,"<3.00,1.30,0.50,1.00>","nvk54	nvk55	238.00	-25.50	7.18	<3.00,1.30,0.50,1.00>",56,Nova_Kresanica.NK_04,LEG -80.15 -41.12 -65.94 -85.65 -44.56 -69.03 [Nova_Kresanica.NK_04],Nova_Kresanica.NK_04.54,Nova_Kresanica.NK_04.55,False,-5.5,-3.44,-3.09,7.18552,0.00552,237.97589,-0.02411,-25.46956,0.03044,False,False,27c96ae600633d80979edeacf38a1c8e19c00908729935bc00278a7fe379a399,brak pierwotnego dziennika; cyfry niepotwierdzone,brak w cave.3d,zgodna para stacji; roznice zaokraglenia wspolrzednych
CZSR.SRV,56,nvk55,nvk56,241.5,-23.0,6.34,"<1.00,0.20,0.50,0.00>","nvk55	nvk56	241.50	-23.00	6.34	<1.00,0.20,0.50,0.00>",57,Nova_Kresanica.NK_04,LEG -85.65 -44.56 -69.03 -90.78 -47.34 -71.51 [Nova_Kresanica.NK_04],Nova_Kresanica.NK_04.55,Nova_Kresanica.NK_04.56,False,-5.13,-2.78,-2.48,6.34001,1e-05,241.54628,0.04628,-23.02711,-0.02711,False,False,27c96ae600633d80979edeacf38a1c8e19c00908729935bc00278a7fe379a399,brak pierwotnego dziennika; cyfry niepotwierdzone,brak w cave.3d,zgodna para stacji; roznice zaokraglenia wspolrzednych
CZST.SRV,27,nvk76,nvk77,0.0,-90.0,5.16,"<5.00,0.00,0.00,1.50>","nvk76	nvk77	0.00	-90.00	5.16	<5.00,0.00,0.00,1.50>",68,Nova_Kresanica.NK_07,LEG -113.52 -54.56 -72.08 -113.52 -54.56 -77.24 [Nova_Kresanica.NK_07],Nova_Kresanica.NK_07.76,Nova_Kresanica.NK_07.77,False,0.0,0.0,-5.16,5.16,-0.0,,,-90.0,0.0,False,False,18a903b75ea1f4aafd78247ff74d82e91a53cb1a4bd18131bdd422c5dd5f1028,brak pierwotnego dziennika; cyfry niepotwierdzone,brak w cave.3d,zgodna para stacji; roznice zaokraglenia wspolrzednych
CZST.SRV,28,nvk77,nvk78,210.0,13.66,0.71,"<5.00,1.00,0.00,1.50>","nvk77	nvk78	210.00	13.66	0.71	<5.00,1.00,0.00,1.50>",95,Nova_Kresanica.NK_07,LEG -113.52 -54.56 -77.24 -113.86 -55.15 -77.07 [Nova_Kresanica.NK_07],Nova_Kresanica.NK_07.77,Nova_Kresanica.NK_07.78,False,-0.34,-0.59,0.17,0.70185,-0.00815,209.95361,-0.04639,14.01733,0.35733,False,False,18a903b75ea1f4aafd78247ff74d82e91a53cb1a4bd18131bdd422c5dd5f1028,brak pierwotnego dziennika; cyfry niepotwierdzone,brak w cave.3d,zgodna para stacji; roznice zaokraglenia wspolrzednych
CZST.SRV,29,nvk78,nvk79,218.0,-61.0,3.51,"<6.00,25.00,0.00,4.00>","nvk78	nvk79	218.00	-61.00	3.51	<6.00,25.00,0.00,4.00>",96,Nova_Kresanica.NK_07,LEG -113.86 -55.15 -77.07 -114.91 -56.49 -80.14 [Nova_Kresanica.NK_07],Nova_Kresanica.NK_07.78,Nova_Kresanica.NK_07.79,False,-1.05,-1.34,-3.07,3.51041,0.00041,218.08161,0.08161,-60.99069,0.00931,False,False,18a903b75ea1f4aafd78247ff74d82e91a53cb1a4bd18131bdd422c5dd5f1028,brak pierwotnego dziennika; cyfry niepotwierdzone,brak w cave.3d,zgodna para stacji; roznice zaokraglenia wspolrzednych
CZST.SRV,30,nvk79,nvk80,0.0,-90.0,25.65,"<25.00,0.00,0.00,4.00>","nvk79	nvk80	0.00	-90.00	25.65	<25.00,0.00,0.00,4.00>",97,Nova_Kresanica.NK_07,LEG -114.91 -56.49 -80.14 -114.91 -56.49 -105.79 [Nova_Kresanica.NK_07],Nova_Kresanica.NK_07.79,Nova_Kresanica.NK_07.80,False,0.0,0.0,-25.65,25.65,0.0,,,-90.0,0.0,False,False,18a903b75ea1f4aafd78247ff74d82e91a53cb1a4bd18131bdd422c5dd5f1028,brak pierwotnego dziennika; cyfry niepotwierdzone,brak w cave.3d,zgodna para stacji; roznice zaokraglenia wspolrzednych
CZST.SRV,31,nvk80,nvk81,321.0,-10.66,8.37,"<5.00,0.50,7.00,2.00>","nvk80	nvk81	321.00	-10.66	8.37	<5.00,0.50,7.00,2.00>",98,Nova_Kresanica.NK_07,LEG -114.91 -56.49 -105.79 -120.09 -50.10 -107.34 [Nova_Kresanica.NK_07],Nova_Kresanica.NK_07.80,Nova_Kresanica.NK_07.81,False,-5.18,6.39,-1.55,8.3706,0.0006,320.97034,-0.02966,-10.67115,-0.01115,False,False,18a903b75ea1f4aafd78247ff74d82e91a53cb1a4bd18131bdd422c5dd5f1028,brak pierwotnego dziennika; cyfry niepotwierdzone,brak w cave.3d,zgodna para stacji; roznice zaokraglenia wspolrzednych
CZST.SRV,32,nvk81,nvk82,226.0,-36.33,8.94,"<0.00,2.50,0.70,0.00>","nvk81	nvk82	226.00	-36.33	8.94	<0.00,2.50,0.70,0.00>",99,Nova_Kresanica.NK_07,LEG -120.09 -50.10 -107.34 -125.27 -55.11 -112.64 [Nova_Kresanica.NK_07],Nova_Kresanica.NK_07.81,Nova_Kresanica.NK_07.82,False,-5.18,-5.01,-5.3,8.94553,0.00553,225.95578,-0.04422,-36.33282,-0.00282,False,False,18a903b75ea1f4aafd78247ff74d82e91a53cb1a4bd18131bdd422c5dd5f1028,brak pierwotnego dziennika; cyfry niepotwierdzone,brak w cave.3d,zgodna para stacji; roznice zaokraglenia wspolrzednych
CZST.SRV,33,nvk82,nvk83,0.0,-90.0,2.65,"<2.50,0.00,0.00,1.00>","nvk82	nvk83	0.00	-90.00	2.65	<2.50,0.00,0.00,1.00>",100,Nova_Kresanica.NK_07,LEG -125.27 -55.11 -112.64 -125.27 -55.11 -115.29 [Nova_Kresanica.NK_07],Nova_Kresanica.NK_07.82,Nova_Kresanica.NK_07.83,False,0.0,0.0,-2.65,2.65,0.0,,,-90.0,0.0,False,False,18a903b75ea1f4aafd78247ff74d82e91a53cb1a4bd18131bdd422c5dd5f1028,brak pierwotnego dziennika; cyfry niepotwierdzone,brak w cave.3d,zgodna para stacji; roznice zaokraglenia wspolrzednych
CZST.SRV,34,nvk83,nvk84,286.0,-32.0,1.1,"<0.00,3.00,1.00,0.00>","nvk83	nvk84	286.00	-32.00	1.10	<0.00,3.00,1.00,0.00>",101,Nova_Kresanica.NK_07,LEG -125.27 -55.11 -115.29 -126.16 -54.85 -115.87 [Nova_Kresanica.NK_07],Nova_Kresanica.NK_07.83,Nova_Kresanica.NK_07.84,False,-0.89,0.26,-0.58,1.09366,-0.00634,286.28492,0.28492,-32.02759,-0.02759,False,False,18a903b75ea1f4aafd78247ff74d82e91a53cb1a4bd18131bdd422c5dd5f1028,brak pierwotnego dziennika; cyfry niepotwierdzone,brak w cave.3d,zgodna para stacji; roznice zaokraglenia wspolrzednych
CZST.SRV,35,nvk84,nvk85,0.0,-90.0,3.15,"<3.00,0.00,0.00,1.00>","nvk84	nvk85	0.00	-90.00	3.15	<3.00,0.00,0.00,1.00>",102,Nova_Kresanica.NK_07,LEG -126.16 -54.85 -115.87 -126.16 -54.85 -119.02 [Nova_Kresanica.NK_07],Nova_Kresanica.NK_07.84,Nova_Kresanica.NK_07.85,False,0.0,0.0,-3.15,3.15,-0.0,,,-90.0,0.0,False,False,18a903b75ea1f4aafd78247ff74d82e91a53cb1a4bd18131bdd422c5dd5f1028,brak pierwotnego dziennika; cyfry niepotwierdzone,brak w cave.3d,zgodna para stacji; roznice zaokraglenia wspolrzednych
CZST.SRV,36,nvk85,nvk86,349.0,-10.5,1.06,"<0.50,16.00,0.30,0.00>","nvk85	nvk86	349.00	-10.50	1.06	<0.50,16.00,0.30,0.00>",103,Nova_Kresanica.NK_07,LEG -126.16 -54.85 -119.02 -126.36 -53.82 -119.21 [Nova_Kresanica.NK_07],Nova_Kresanica.NK_07.85,Nova_Kresanica.NK_07.86,False,-0.2,1.03,-0.19,1.0663,0.0063,349.01135,0.01135,-10.26411,0.23589,False,False,18a903b75ea1f4aafd78247ff74d82e91a53cb1a4bd18131bdd422c5dd5f1028,brak pierwotnego dziennika; cyfry niepotwierdzone,brak w cave.3d,zgodna para stacji; roznice zaokraglenia wspolrzednych
CZST.SRV,37,nvk86,nvk87,0.0,-90.0,16.19,"<16.00,0.50,3.50,0.00>","nvk86	nvk87	0.00	-90.00	16.19	<16.00,0.50,3.50,0.00>",104,Nova_Kresanica.NK_07,LEG -126.36 -53.82 -119.21 -126.36 -53.82 -135.40 [Nova_Kresanica.NK_07],Nova_Kresanica.NK_07.86,Nova_Kresanica.NK_07.87,False,0.0,0.0,-16.19,16.19,0.0,,,-90.0,0.0,False,False,18a903b75ea1f4aafd78247ff74d82e91a53cb1a4bd18131bdd422c5dd5f1028,brak pierwotnego dziennika; cyfry niepotwierdzone,brak w cave.3d,zgodna para stacji; roznice zaokraglenia wspolrzednych
CZST.SRV,38,nvk87,nvk88a,224.0,63.0,11.5,,nvk87	nvk88a	224.00	63.00	11.50,119,Nova_Kresanica.NK_07,LEG -126.36 -53.82 -135.40 -129.99 -57.58 -125.16 [Nova_Kresanica.NK_07],Nova_Kresanica.NK_07.87,Nova_Kresanica.NK_07.88a,False,-3.63,-3.76,10.24,11.49661,-0.00339,223.99219,-0.00781,62.96098,-0.03902,False,False,18a903b75ea1f4aafd78247ff74d82e91a53cb1a4bd18131bdd422c5dd5f1028,brak pierwotnego dziennika; cyfry niepotwierdzone,nie dotyczy,zgodna para stacji; roznice zaokraglenia wspolrzednych
CZST.SRV,39,nvk87,nvk88,7.0,-13.0,4.16,"<0.50,0.60,2.00,0.00>","nvk87	nvk88	7.00	-13.00	4.16	<0.50,0.60,2.00,0.00>",105,Nova_Kresanica.NK_07,LEG -126.36 -53.82 -135.40 -125.87 -49.80 -136.34 [Nova_Kresanica.NK_07],Nova_Kresanica.NK_07.87,Nova_Kresanica.NK_07.88,False,0.49,4.02,-0.94,4.15742,-0.00258,6.94953,-0.05047,-13.06769,-0.06769,False,False,18a903b75ea1f4aafd78247ff74d82e91a53cb1a4bd18131bdd422c5dd5f1028,brak pierwotnego dziennika; cyfry niepotwierdzone,brak w cave.3d,zgodna para stacji; roznice zaokraglenia wspolrzednych
CZST.SRV,40,nvk88,nvk89,144.0,-31.0,2.58,"<0.70,0.60,0.30,0.30>","nvk88	nvk89	144.00	-31.00	2.58	<0.70,0.60,0.30,0.30>",106,Nova_Kresanica.NK_07,LEG -125.87 -49.80 -136.34 -124.57 -51.59 -137.67 [Nova_Kresanica.NK_07],Nova_Kresanica.NK_07.88,Nova_Kresanica.NK_07.89,False,1.3,-1.79,-1.33,2.58128,0.00128,144.01071,0.01071,-31.01407,-0.01407,False,False,18a903b75ea1f4aafd78247ff74d82e91a53cb1a4bd18131bdd422c5dd5f1028,brak pierwotnego dziennika; cyfry niepotwierdzone,brak w cave.3d,zgodna para stacji; roznice zaokraglenia wspolrzednych
CZST.SRV,41,nvk89,nvk90,317.0,-36.0,2.63,"<1.20,0.50,0.00,0.60>","nvk89	nvk90	317.00	-36.00	2.63	<1.20,0.50,0.00,0.60>",107,Nova_Kresanica.NK_07,LEG -124.57 -51.59 -137.67 -126.02 -50.03 -139.22 [Nova_Kresanica.NK_07],Nova_Kresanica.NK_07.89,Nova_Kresanica.NK_07.90,False,-1.45,1.56,-1.55,2.63412,0.00412,317.09293,0.09293,-36.04577,-0.04577,False,False,18a903b75ea1f4aafd78247ff74d82e91a53cb1a4bd18131bdd422c5dd5f1028,brak pierwotnego dziennika; cyfry niepotwierdzone,brak w cave.3d,zgodna para stacji; roznice zaokraglenia wspolrzednych
CZST.SRV,42,nvk90,nvk91,151.0,-30.0,1.69,"<0.30,1.00,0.30,0.60>","nvk90	nvk91	151.00	-30.00	1.69	<0.30,1.00,0.30,0.60>",108,Nova_Kresanica.NK_07,LEG -126.02 -50.03 -139.22 -125.31 -51.31 -140.06 [Nova_Kresanica.NK_07],Nova_Kresanica.NK_07.90,Nova_Kresanica.NK_07.91,False,0.71,-1.28,-0.84,1.68763,-0.00237,150.98342,-0.01658,-29.85053,0.14947,False,False,18a903b75ea1f4aafd78247ff74d82e91a53cb1a4bd18131bdd422c5dd5f1028,brak pierwotnego dziennika; cyfry niepotwierdzone,brak w cave.3d,zgodna para stacji; roznice zaokraglenia wspolrzednych
CZST.SRV,43,nvk91,nvk92,311.0,-51.5,3.44,"<0.30,0.30,0.70,1.40>","nvk91	nvk92	311.00	-51.50	3.44	<0.30,0.30,0.70,1.40>",109,Nova_Kresanica.NK_07,LEG -125.31 -51.31 -140.06 -126.93 -49.91 -142.75 [Nova_Kresanica.NK_07],Nova_Kresanica.NK_07.91,Nova_Kresanica.NK_07.92,False,-1.62,1.4,-2.69,3.4381,-0.0019,310.8335,-0.1665,-51.48176,0.01824,False,False,18a903b75ea1f4aafd78247ff74d82e91a53cb1a4bd18131bdd422c5dd5f1028,brak pierwotnego dziennika; cyfry niepotwierdzone,brak w cave.3d,zgodna para stacji; roznice zaokraglenia wspolrzednych
CZST.SRV,44,nvk92,nvk93,297.0,-21.66,2.94,"<0.40,1.00,0.10,0.50>","nvk92	nvk93	297.00	-21.66	2.94	<0.40,1.00,0.10,0.50>",110,Nova_Kresanica.NK_07,LEG -126.93 -49.91 -142.75 -129.36 -48.67 -143.84 [Nova_Kresanica.NK_07],Nova_Kresanica.NK_07.92,Nova_Kresanica.NK_07.93,False,-2.43,1.24,-1.09,2.93779,-0.00221,297.03468,0.03468,-21.77899,-0.11899,False,False,18a903b75ea1f4aafd78247ff74d82e91a53cb1a4bd18131bdd422c5dd5f1028,brak pierwotnego dziennika; cyfry niepotwierdzone,brak w cave.3d,zgodna para stacji; roznice zaokraglenia wspolrzednych
CZST.SRV,45,nvk93,nvk94,135.0,-49.66,2.4,"<1.20,0.15,1.00,0.00>","nvk93	nvk94	135.00	-49.66	2.40	<1.20,0.15,1.00,0.00>",111,Nova_Kresanica.NK_07,LEG -129.36 -48.67 -143.84 -128.26 -49.77 -145.67 [Nova_Kresanica.NK_07],Nova_Kresanica.NK_07.93,Nova_Kresanica.NK_07.94,False,1.1,-1.1,-1.83,2.40185,0.00185,135.0,-0.0,-49.63301,0.02699,False,False,18a903b75ea1f4aafd78247ff74d82e91a53cb1a4bd18131bdd422c5dd5f1028,brak pierwotnego dziennika; cyfry niepotwierdzone,brak w cave.3d,zgodna para stacji; roznice zaokraglenia wspolrzednych
CZST.SRV,46,nvk94,nvk95,334.0,-35.33,2.21,"<0.30,0.50,0.50,0.30>","nvk94	nvk95	334.00	-35.33	2.21	<0.30,0.50,0.50,0.30>",112,Nova_Kresanica.NK_07,LEG -128.26 -49.77 -145.67 -129.05 -48.15 -146.94 [Nova_Kresanica.NK_07],Nova_Kresanica.NK_07.94,Nova_Kresanica.NK_07.95,False,-0.79,1.62,-1.27,2.20486,-0.00514,334.00362,0.00362,-35.16974,0.16026,False,False,18a903b75ea1f4aafd78247ff74d82e91a53cb1a4bd18131bdd422c5dd5f1028,brak pierwotnego dziennika; cyfry niepotwierdzone,brak w cave.3d,zgodna para stacji; roznice zaokraglenia wspolrzednych
CZST.SRV,47,nvk95,nvk96,20.0,10.0,2.15,"<0.50,3.00,0.50,0.30>","nvk95	nvk96	20.00	10.00	2.15	<0.50,3.00,0.50,0.30>",113,Nova_Kresanica.NK_07,LEG -129.05 -48.15 -146.94 -128.33 -46.16 -146.57 [Nova_Kresanica.NK_07],Nova_Kresanica.NK_07.95,Nova_Kresanica.NK_07.96,False,0.72,1.99,0.37,2.14835,-0.00165,19.89058,-0.10942,9.91723,-0.08277,False,False,18a903b75ea1f4aafd78247ff74d82e91a53cb1a4bd18131bdd422c5dd5f1028,brak pierwotnego dziennika; cyfry niepotwierdzone,brak w cave.3d,zgodna para stacji; roznice zaokraglenia wspolrzednych
CZST.SRV,48,nvk96,nvk97,296.0,-43.66,1.13,"<0.00,3.00,0.00,1.00>","nvk96	nvk97	296.00	-43.66	1.13	<0.00,3.00,0.00,1.00>",114,Nova_Kresanica.NK_07,LEG -128.33 -46.16 -146.57 -129.06 -45.80 -147.35 [Nova_Kresanica.NK_07],Nova_Kresanica.NK_07.96,Nova_Kresanica.NK_07.97,False,-0.73,0.36,-0.78,1.12734,-0.00266,296.25024,0.25024,-43.78014,-0.12014,False,False,18a903b75ea1f4aafd78247ff74d82e91a53cb1a4bd18131bdd422c5dd5f1028,brak pierwotnego dziennika; cyfry niepotwierdzone,brak w cave.3d,zgodna para stacji; roznice zaokraglenia wspolrzednych
CZST.SRV,49,nvk97,nvk98,0.0,-90.0,1.46,"<1.50,1.80,0.00,1.00>","nvk97	nvk98	0.00	-90.00	1.46	<1.50,1.80,0.00,1.00>",115,Nova_Kresanica.NK_07,LEG -129.06 -45.80 -147.35 -129.06 -45.80 -148.81 [Nova_Kresanica.NK_07],Nova_Kresanica.NK_07.97,Nova_Kresanica.NK_07.98,False,0.0,0.0,-1.46,1.46,0.0,,,-90.0,0.0,False,False,18a903b75ea1f4aafd78247ff74d82e91a53cb1a4bd18131bdd422c5dd5f1028,brak pierwotnego dziennika; cyfry niepotwierdzone,brak w cave.3d,zgodna para stacji; roznice zaokraglenia wspolrzednych
CZST.SRV,50,nvk98,nvk99,153.0,-17.66,2.16,"<1.00,2.00,0.70,0.50>","nvk98	nvk99	153.00	-17.66	2.16	<1.00,2.00,0.70,0.50>",116,Nova_Kresanica.NK_07,LEG -129.06 -45.80 -148.81 -128.13 -47.63 -149.47 [Nova_Kresanica.NK_07],Nova_Kresanica.NK_07.98,Nova_Kresanica.NK_07.99,False,0.93,-1.83,-0.66,2.15625,-0.00375,153.06047,0.06047,-17.8236,-0.1636,False,False,18a903b75ea1f4aafd78247ff74d82e91a53cb1a4bd18131bdd422c5dd5f1028,brak pierwotnego dziennika; cyfry niepotwierdzone,brak w cave.3d,zgodna para stacji; roznice zaokraglenia wspolrzednych
CZST.SRV,51,nvk99,nvk100,0.0,-90.0,1.93,"<2.00,0.00,0.30,0.30>","nvk99	nvk100	0.00	-90.00	1.93	<2.00,0.00,0.30,0.30>",117,Nova_Kresanica.NK_07,LEG -128.13 -47.63 -149.47 -128.13 -47.63 -151.40 [Nova_Kresanica.NK_07],Nova_Kresanica.NK_07.99,Nova_Kresanica.NK_07.100,False,0.0,0.0,-1.93,1.93,0.0,,,-90.0,0.0,False,False,18a903b75ea1f4aafd78247ff74d82e91a53cb1a4bd18131bdd422c5dd5f1028,brak pierwotnego dziennika; cyfry niepotwierdzone,brak w cave.3d,zgodna para stacji; roznice zaokraglenia wspolrzednych
CZST.SRV,52,nvk100,nvk101,131.0,-3.0,3.22,"<0.00,1.00,0.40,0.40>","nvk100	nvk101	131.00	-3.00	3.22	<0.00,1.00,0.40,0.40>",118,Nova_Kresanica.NK_07,LEG -128.13 -47.63 -151.40 -125.70 -49.74 -151.57 [Nova_Kresanica.NK_07],Nova_Kresanica.NK_07.100,Nova_Kresanica.NK_07.101,False,2.43,-2.11,-0.17,3.22272,0.00272,130.9682,-0.0318,-3.02379,-0.02379,False,False,18a903b75ea1f4aafd78247ff74d82e91a53cb1a4bd18131bdd422c5dd5f1028,brak pierwotnego dziennika; cyfry niepotwierdzone,brak w cave.3d,zgodna para stacji; roznice zaokraglenia wspolrzednych
KOM.SRV,27,nvk123,nvk124,78.0,-16.0,3.17,"<1.00,1.20,0.00,0.60>","nvk123	nvk124	78.00	-16.00	3.17	<1.00,1.20,0.00,0.60>",74,Nova_Kresanica.NK_09,LEG -128.79 -68.08 -63.73 -131.77 -68.71 -62.86 [Nova_Kresanica.NK_09],Nova_Kresanica.NK_09.124,Nova_Kresanica.NK_09.123,True,2.98,0.63,-0.87,3.16768,-0.00232,78.0629,0.0629,-15.94109,0.05891,False,False,1f47b752c6cc4b1a98e5e81e7af9553bbe938dc74efa5a05c50ad1ef43e58f22,brak pierwotnego dziennika; cyfry niepotwierdzone,brak w cave.3d,zgodna para stacji; roznice zaokraglenia wspolrzednych
KOM.SRV,28,nvk124,nvk125,135.0,13.0,1.6,"<1.10,20.00,1.30,0.00>","nvk124	nvk125	135.00	13.00	1.60	<1.10,20.00,1.30,0.00>",73,Nova_Kresanica.NK_09,LEG -127.68 -69.18 -63.37 -128.79 -68.08 -63.73 [Nova_Kresanica.NK_09],Nova_Kresanica.NK_09.125,Nova_Kresanica.NK_09.124,True,1.11,-1.1,0.36,1.60365,0.00365,134.74074,-0.25926,12.97275,-0.02725,False,False,1f47b752c6cc4b1a98e5e81e7af9553bbe938dc74efa5a05c50ad1ef43e58f22,brak pierwotnego dziennika; cyfry niepotwierdzone,brak w cave.3d,zgodna para stacji; roznice zaokraglenia wspolrzednych
KOM.SRV,29,nvk125,nvk126,0.0,-90.0,19.47,"<20.00,0.00,4.00,1.00>","nvk125	nvk126	0.00	-90.00	19.47	<20.00,0.00,4.00,1.00>",72,Nova_Kresanica.NK_09,LEG -127.68 -69.18 -82.84 -127.68 -69.18 -63.37 [Nova_Kresanica.NK_09],Nova_Kresanica.NK_09.126,Nova_Kresanica.NK_09.125,True,0.0,0.0,-19.47,19.47,0.0,,,-90.0,0.0,False,False,1f47b752c6cc4b1a98e5e81e7af9553bbe938dc74efa5a05c50ad1ef43e58f22,brak pierwotnego dziennika; cyfry niepotwierdzone,brak w cave.3d,zgodna para stacji; roznice zaokraglenia wspolrzednych
KOM.SRV,30,nvk126,nvk103,42.5,15.5,5.31,"<5.00,1.00,1.60,0.80>","nvk126	nvk103	42.50	15.50	5.31	<5.00,1.00,1.60,0.80>",71,Nova_Kresanica.NK_09,LEG -124.23 -65.41 -81.42 -127.68 -69.18 -82.84 [Nova_Kresanica.NK_09],Nova_Kresanica.NK_09.103,Nova_Kresanica.NK_09.126,True,3.45,3.77,1.42,5.30394,-0.00606,42.46224,-0.03776,15.52896,0.02896,False,False,1f47b752c6cc4b1a98e5e81e7af9553bbe938dc74efa5a05c50ad1ef43e58f22,brak pierwotnego dziennika; cyfry niepotwierdzone,brak w cave.3d,zgodna para stacji; roznice zaokraglenia wspolrzednych
ODZVAL.SRV,27,nvk56,nvk70,214.0,6.0,3.84,"<0.70,0.80,0.10,1.00>","nvk56	nvk70	214.00	6.00	3.84	<0.70,0.80,0.10,1.00>",58,Nova_Kresanica.NK_06,LEG -90.78 -47.34 -71.51 -92.92 -50.51 -71.10 [Nova_Kresanica.NK_06],Nova_Kresanica.NK_06.56,Nova_Kresanica.NK_06.70,False,-2.14,-3.17,0.41,3.84663,0.00663,214.02245,0.02245,6.11859,0.11859,False,False,940cd2fb12b1d8ca3d0c003f94744c351cef25db70bb3a290331638ab30bf467,brak pierwotnego dziennika; cyfry niepotwierdzone,brak w cave.3d,zgodna para stacji; roznice zaokraglenia wspolrzednych
ODZVAL.SRV,28,nvk70,nvk71,290.0,-24.66,3.67,"<0.60,0.20,1.00,0.00>","nvk70	nvk71	290.00	-24.66	3.67	<0.60,0.20,1.00,0.00>",59,Nova_Kresanica.NK_06,LEG -92.92 -50.51 -71.10 -96.05 -49.37 -72.63 [Nova_Kresanica.NK_06],Nova_Kresanica.NK_06.70,Nova_Kresanica.NK_06.71,False,-3.13,1.14,-1.53,3.66571,-0.00429,290.0125,0.0125,-24.66942,-0.00942,False,False,940cd2fb12b1d8ca3d0c003f94744c351cef25db70bb3a290331638ab30bf467,brak pierwotnego dziennika; cyfry niepotwierdzone,brak w cave.3d,zgodna para stacji; roznice zaokraglenia wspolrzednych
ODZVAL.SRV,29,nvk71,nvk72,239.0,10.0,2.1,"<0.30,0.60,0.20,0.30>","nvk71	nvk72	239.00	10.00	2.10	<0.30,0.60,0.20,0.30>",60,Nova_Kresanica.NK_06,LEG -96.05 -49.37 -72.63 -97.82 -50.43 -72.27 [Nova_Kresanica.NK_06],Nova_Kresanica.NK_06.71,Nova_Kresanica.NK_06.72,False,-1.77,-1.06,0.36,2.0943,-0.0057,239.08387,0.08387,9.89802,-0.10198,False,False,940cd2fb12b1d8ca3d0c003f94744c351cef25db70bb3a290331638ab30bf467,brak pierwotnego dziennika; cyfry niepotwierdzone,brak w cave.3d,zgodna para stacji; roznice zaokraglenia wspolrzednych
ODZVAL.SRV,30,nvk72,nvk73,265.0,32.0,6.96,"<1.50,2.50,1.70,0.50>","nvk72	nvk73	265.00	32.00	6.96	<1.50,2.50,1.70,0.50>",61,Nova_Kresanica.NK_06,LEG -97.82 -50.43 -72.27 -103.70 -50.95 -68.58 [Nova_Kresanica.NK_06],Nova_Kresanica.NK_06.72,Nova_Kresanica.NK_06.73,False,-5.88,-0.52,3.69,6.96139,0.00139,264.94617,-0.05383,32.00997,0.00997,False,False,940cd2fb12b1d8ca3d0c003f94744c351cef25db70bb3a290331638ab30bf467,brak pierwotnego dziennika; cyfry niepotwierdzone,brak w cave.3d,zgodna para stacji; roznice zaokraglenia wspolrzednych
ODZVAL.SRV,31,nvk73,nvk74,238.0,-13.0,4.05,"<1.50,2.50,1.70,0.50>","nvk73	nvk74	238.00	-13.00	4.05	<1.50,2.50,1.70,0.50>",62,Nova_Kresanica.NK_06,LEG -103.70 -50.95 -68.58 -107.05 -53.04 -69.49 [Nova_Kresanica.NK_06],Nova_Kresanica.NK_06.73,Nova_Kresanica.NK_06.74,False,-3.35,-2.09,-0.91,4.052,0.002,238.04076,0.04076,-12.97821,0.02179,False,False,940cd2fb12b1d8ca3d0c003f94744c351cef25db70bb3a290331638ab30bf467,brak pierwotnego dziennika; cyfry niepotwierdzone,brak w cave.3d,zgodna para stacji; roznice zaokraglenia wspolrzednych
ODZVAL.SRV,32,nvk74,nvk75,270.0,-28.66,3.98,,nvk74	nvk75	270.00	-28.66	3.98,66,Nova_Kresanica.NK_06,LEG -107.05 -53.04 -69.49 -110.54 -53.04 -71.40 [Nova_Kresanica.NK_06],Nova_Kresanica.NK_06.74,Nova_Kresanica.NK_06.75,False,-3.49,0.0,-1.91,3.97847,-0.00153,270.0,0.0,-28.69092,-0.03092,False,False,940cd2fb12b1d8ca3d0c003f94744c351cef25db70bb3a290331638ab30bf467,brak pierwotnego dziennika; cyfry niepotwierdzone,nie dotyczy,zgodna para stacji; roznice zaokraglenia wspolrzednych
ODZVAL.SRV,33,nvk74,nvk75a,245.0,33.33,1.47,"<0.40,1.30,1.50,0.40>","nvk74	nvk75a	245.00	33.33	1.47	<0.40,1.30,1.50,0.40>",63,Nova_Kresanica.NK_06,LEG -107.05 -53.04 -69.49 -108.16 -53.56 -68.69 [Nova_Kresanica.NK_06],Nova_Kresanica.NK_06.74,Nova_Kresanica.NK_06.75a,False,-1.11,-0.52,0.8,1.46373,-0.00627,244.89839,-0.10161,33.13062,-0.19938,False,False,940cd2fb12b1d8ca3d0c003f94744c351cef25db70bb3a290331638ab30bf467,brak pierwotnego dziennika; cyfry niepotwierdzone,brak w cave.3d,zgodna para stacji; roznice zaokraglenia wspolrzednych
ODZVAL.SRV,34,nvk75a,nvk76a,124.0,53.33,7.08,"<0.30,0.70,1.10,0.20>","nvk75a	nvk76a	124.00	53.33	7.08	<0.30,0.70,1.10,0.20>",64,Nova_Kresanica.NK_06,LEG -108.16 -53.56 -68.69 -104.66 -55.92 -63.01 [Nova_Kresanica.NK_06],Nova_Kresanica.NK_06.75a,Nova_Kresanica.NK_06.76a,False,3.5,-2.36,5.68,7.07686,-0.00314,123.99123,-0.00877,53.38059,0.05059,False,False,940cd2fb12b1d8ca3d0c003f94744c351cef25db70bb3a290331638ab30bf467,brak pierwotnego dziennika; cyfry niepotwierdzone,brak w cave.3d,zgodna para stacji; roznice zaokraglenia wspolrzednych
ODZVAL.SRV,35,nvk76a,nvk77a,88.0,36.33,4.52,"<0.20,1.00,0.00,1.50>","nvk76a	nvk77a	88.00	36.33	4.52	<0.20,1.00,0.00,1.50>",65,Nova_Kresanica.NK_06,LEG -104.66 -55.92 -63.01 -101.02 -55.80 -60.33 [Nova_Kresanica.NK_06],Nova_Kresanica.NK_06.76a,Nova_Kresanica.NK_06.77a,False,3.64,0.12,2.68,4.52177,0.00177,88.11181,0.11181,36.34801,0.01801,False,False,940cd2fb12b1d8ca3d0c003f94744c351cef25db70bb3a290331638ab30bf467,brak pierwotnego dziennika; cyfry niepotwierdzone,brak w cave.3d,zgodna para stacji; roznice zaokraglenia wspolrzednych
ODZVAL.SRV,36,nvk75,nvk76,243.0,-11.5,3.41,"<2.10,5.00,1.00,0.80>","nvk75	nvk76	243.00	-11.50	3.41	<2.10,5.00,1.00,0.80>",67,Nova_Kresanica.NK_06,LEG -110.54 -53.04 -71.40 -113.52 -54.56 -72.08 [Nova_Kresanica.NK_06],Nova_Kresanica.NK_06.75,Nova_Kresanica.NK_06.76,False,-2.98,-1.52,-0.68,3.41368,0.00368,242.97537,-0.02463,-11.4901,0.0099,False,False,940cd2fb12b1d8ca3d0c003f94744c351cef25db70bb3a290331638ab30bf467,brak pierwotnego dziennika; cyfry niepotwierdzone,brak w cave.3d,zgodna para stacji; roznice zaokraglenia wspolrzednych
SAPOD.SRV,27,nvk77,nvk102,240.0,-10.66,4.78,"<3.00,30.00,0.60,0.00>","nvk77	nvk102	240.00	-10.66	4.78	<3.00,30.00,0.60,0.00>",69,Nova_Kresanica.NK_08,LEG -113.52 -54.56 -77.24 -117.59 -56.90 -78.13 [Nova_Kresanica.NK_08],Nova_Kresanica.NK_08.77,Nova_Kresanica.NK_08.102,False,-4.07,-2.34,-0.89,4.77835,-0.00165,240.10374,0.10374,-10.73442,-0.07442,False,False,0e37bb54e87896e669a94da633d80106f7aaf2e3ec693ad7b6a6c83824b68117,brak pierwotnego dziennika; cyfry niepotwierdzone,brak w cave.3d,zgodna para stacji; roznice zaokraglenia wspolrzednych
SAPOD.SRV,28,nvk102,nvk103,218.0,-17.0,11.28,"<20.00,0.00,0.90,1.60>","nvk102	nvk103	218.00	-17.00	11.28	<20.00,0.00,0.90,1.60>",70,Nova_Kresanica.NK_08,LEG -117.59 -56.90 -78.13 -124.23 -65.41 -81.42 [Nova_Kresanica.NK_08],Nova_Kresanica.NK_08.102,Nova_Kresanica.NK_08.103,False,-6.64,-8.51,-3.29,11.28423,0.00423,217.96344,-0.03656,-16.95122,0.04878,False,False,0e37bb54e87896e669a94da633d80106f7aaf2e3ec693ad7b6a6c83824b68117,brak pierwotnego dziennika; cyfry niepotwierdzone,brak w cave.3d,zgodna para stacji; roznice zaokraglenia wspolrzednych
SAPOD.SRV,29,nvk103,nvk104,233.0,-22.0,10.78,"<1.30,20.00,1.30,0.70>","nvk103	nvk104	233.00	-22.00	10.78	<1.30,20.00,1.30,0.70>",75,Nova_Kresanica.NK_08,LEG -124.23 -65.41 -81.42 -132.21 -71.42 -85.46 [Nova_Kresanica.NK_08],Nova_Kresanica.NK_08.103,Nova_Kresanica.NK_08.104,False,-7.98,-6.01,-4.04,10.776,-0.004,233.0154,0.0154,-22.01859,-0.01859,False,False,0e37bb54e87896e669a94da633d80106f7aaf2e3ec693ad7b6a6c83824b68117,brak pierwotnego dziennika; cyfry niepotwierdzone,brak w cave.3d,zgodna para stacji; roznice zaokraglenia wspolrzednych
SAPOD.SRV,30,nvk104,nvk105,218.0,-8.0,7.06,,nvk104	nvk105	218.00	-8.00	7.06,94,Nova_Kresanica.NK_08,LEG -132.21 -71.42 -85.46 -136.51 -76.93 -86.44 [Nova_Kresanica.NK_08],Nova_Kresanica.NK_08.104,Nova_Kresanica.NK_08.105,False,-4.3,-5.51,-0.98,7.05766,-0.00234,217.96845,-0.03155,-7.98167,0.01833,False,False,0e37bb54e87896e669a94da633d80106f7aaf2e3ec693ad7b6a6c83824b68117,brak pierwotnego dziennika; cyfry niepotwierdzone,nie dotyczy,zgodna para stacji; roznice zaokraglenia wspolrzednych
SAPOD.SRV,31,nvk104,nvk106,0.0,-19.0,0.22,"<1.10,14.53,0.80,2.00>","nvk104	nvk106	0.00	-19.00	0.22	<1.10,14.53,0.80,2.00>",76,Nova_Kresanica.NK_08,LEG -132.21 -71.42 -85.46 -132.21 -71.21 -85.53 [Nova_Kresanica.NK_08],Nova_Kresanica.NK_08.104,Nova_Kresanica.NK_08.106,False,0.0,0.21,-0.07,0.22136,0.00136,0.0,0.0,-18.43495,0.56505,False,False,0e37bb54e87896e669a94da633d80106f7aaf2e3ec693ad7b6a6c83824b68117,brak pierwotnego dziennika; cyfry niepotwierdzone,brak w cave.3d,zgodna para stacji; roznice zaokraglenia wspolrzednych
SAPOD.SRV,32,nvk106,nvk107,0.0,-90.0,14.53,"<14.53,0.00,1.40,0.80>","nvk106	nvk107	0.00	-90.00	14.53	<14.53,0.00,1.40,0.80>",77,Nova_Kresanica.NK_08,LEG -132.21 -71.21 -85.53 -132.21 -71.21 -100.06 [Nova_Kresanica.NK_08],Nova_Kresanica.NK_08.106,Nova_Kresanica.NK_08.107,False,0.0,0.0,-14.53,14.53,0.0,,,-90.0,0.0,False,False,0e37bb54e87896e669a94da633d80106f7aaf2e3ec693ad7b6a6c83824b68117,brak pierwotnego dziennika; cyfry niepotwierdzone,brak w cave.3d,zgodna para stacji; roznice zaokraglenia wspolrzednych
SAPOD.SRV,33,nvk107,nvk108,179.0,-4.0,2.49,"<18.00,1.00,0.00,3.00>","nvk107	nvk108	179.00	-4.00	2.49	<18.00,1.00,0.00,3.00>",78,Nova_Kresanica.NK_08,LEG -132.21 -71.21 -100.06 -132.17 -73.70 -100.24 [Nova_Kresanica.NK_08],Nova_Kresanica.NK_08.107,Nova_Kresanica.NK_08.108,False,0.04,-2.49,-0.18,2.49682,0.00682,179.07967,0.07967,-4.13414,-0.13414,False,False,0e37bb54e87896e669a94da633d80106f7aaf2e3ec693ad7b6a6c83824b68117,brak pierwotnego dziennika; cyfry niepotwierdzone,brak w cave.3d,zgodna para stacji; roznice zaokraglenia wspolrzednych
SAPOD.SRV,34,nvk108,nvk109,280.5,-17.0,5.81,"<2.00,1.20,1.50,0.00>","nvk108	nvk109	280.50	-17.00	5.81	<2.00,1.20,1.50,0.00>",79,Nova_Kresanica.NK_08,LEG -132.17 -73.70 -100.24 -137.63 -72.68 -101.94 [Nova_Kresanica.NK_08],Nova_Kresanica.NK_08.108,Nova_Kresanica.NK_08.109,False,-5.46,1.02,-1.7,5.80879,-0.00121,280.58164,0.08164,-17.01728,-0.01728,False,False,0e37bb54e87896e669a94da633d80106f7aaf2e3ec693ad7b6a6c83824b68117,brak pierwotnego dziennika; cyfry niepotwierdzone,brak w cave.3d,zgodna para stacji; roznice zaokraglenia wspolrzednych
SAPOD.SRV,35,nvk109,nvk110,273.0,-60.0,9.03,"<6.00,3.00,0.00,3.00>","nvk109	nvk110	273.00	-60.00	9.03	<6.00,3.00,0.00,3.00>",80,Nova_Kresanica.NK_08,LEG -137.63 -72.68 -101.94 -142.14 -72.45 -109.76 [Nova_Kresanica.NK_08],Nova_Kresanica.NK_08.109,Nova_Kresanica.NK_08.110,False,-4.51,0.23,-7.82,9.03025,0.00025,272.91943,-0.08057,-59.99461,0.00539,False,False,0e37bb54e87896e669a94da633d80106f7aaf2e3ec693ad7b6a6c83824b68117,brak pierwotnego dziennika; cyfry niepotwierdzone,brak w cave.3d,zgodna para stacji; roznice zaokraglenia wspolrzednych
SAPOD.SRV,36,nvk110,nvk111,28.5,-54.0,3.46,,nvk110	nvk111	28.50	-54.00	3.46,82,Nova_Kresanica.NK_08,LEG -142.14 -72.45 -109.76 -141.17 -70.66 -112.56 [Nova_Kresanica.NK_08],Nova_Kresanica.NK_08.110,Nova_Kresanica.NK_08.111,False,0.97,1.79,-2.8,3.46194,0.00194,28.45324,-0.04676,-53.97847,0.02153,False,False,0e37bb54e87896e669a94da633d80106f7aaf2e3ec693ad7b6a6c83824b68117,brak pierwotnego dziennika; cyfry niepotwierdzone,nie dotyczy,zgodna para stacji; roznice zaokraglenia wspolrzednych
SAPOD.SRV,37,nvk111,nvk112,116.0,-20.33,13.91,,nvk111	nvk112	116.00	-20.33	13.91,93,Nova_Kresanica.NK_08,LEG -129.41 -76.62 -117.50 -141.17 -70.66 -112.56 [Nova_Kresanica.NK_08],Nova_Kresanica.NK_08.112,Nova_Kresanica.NK_08.111,True,11.76,-5.96,-4.94,14.07916,0.16916,116.87602,0.87602,-20.54073,-0.21073,True,True,0e37bb54e87896e669a94da633d80106f7aaf2e3ec693ad7b6a6c83824b68117,brak pierwotnego dziennika; cyfry niepotwierdzone,nie dotyczy,zamknieta petla wyrownana
SAPOD.SRV,38,nvk112,nvk113,23.0,-31.0,9.21,"<10.00,0.00,10.00,1.00>","nvk112	nvk113	23.00	-31.00	9.21	<10.00,0.00,10.00,1.00>",92,Nova_Kresanica.NK_08,LEG -126.30 -69.45 -122.29 -129.41 -76.62 -117.50 [Nova_Kresanica.NK_08],Nova_Kresanica.NK_08.113,Nova_Kresanica.NK_08.112,True,3.11,7.17,-4.79,9.16652,-0.04348,23.44887,0.44887,-31.50371,-0.50371,True,True,0e37bb54e87896e669a94da633d80106f7aaf2e3ec693ad7b6a6c83824b68117,brak pierwotnego dziennika; cyfry niepotwierdzone,brak w cave.3d,zamknieta petla wyrownana
SAPOD.SRV,39,nvk113,nvk114,349.0,-7.66,9.24,"<30.00,1.30,10.00,2.00>","nvk113	nvk114	349.00	-7.66	9.24	<30.00,1.30,10.00,2.00>",91,Nova_Kresanica.NK_08,LEG -128.02 -60.53 -123.58 -126.30 -69.45 -122.29 [Nova_Kresanica.NK_08],Nova_Kresanica.NK_08.114,Nova_Kresanica.NK_08.113,True,-1.72,8.92,-1.29,9.17545,-0.06455,349.08589,0.08589,-8.08214,-0.42214,True,True,0e37bb54e87896e669a94da633d80106f7aaf2e3ec693ad7b6a6c83824b68117,brak pierwotnego dziennika; cyfry niepotwierdzone,brak w cave.3d,zamknieta petla wyrownana
SAPOD.SRV,40,nvk114,nvk115,258.0,-2.0,6.27,"<15.00,1.00,10.00,1.00>","nvk114	nvk115	258.00	-2.00	6.27	<15.00,1.00,10.00,1.00>",90,Nova_Kresanica.NK_08,LEG -134.13 -61.91 -123.83 -128.02 -60.53 -123.58 [Nova_Kresanica.NK_08],Nova_Kresanica.NK_08.115,Nova_Kresanica.NK_08.114,True,-6.11,-1.38,-0.25,6.26889,-0.00111,257.27277,-0.72723,-2.28553,-0.28553,True,False,0e37bb54e87896e669a94da633d80106f7aaf2e3ec693ad7b6a6c83824b68117,brak pierwotnego dziennika; cyfry niepotwierdzone,brak w cave.3d,zamknieta petla wyrownana
SAPOD.SRV,41,nvk115,nvk116,188.0,27.33,12.9,"<8.00,0.00,14.00,5.00>","nvk115	nvk116	188.00	27.33	12.90	<8.00,0.00,14.00,5.00>",89,Nova_Kresanica.NK_08,LEG -135.68 -73.38 -117.99 -134.13 -61.91 -123.83 [Nova_Kresanica.NK_08],Nova_Kresanica.NK_08.116,Nova_Kresanica.NK_08.115,True,-1.55,-11.47,5.84,12.96414,0.06414,187.69605,-0.30395,26.77405,-0.55595,True,True,0e37bb54e87896e669a94da633d80106f7aaf2e3ec693ad7b6a6c83824b68117,brak pierwotnego dziennika; cyfry niepotwierdzone,brak w cave.3d,zamknieta petla wyrownana
SAPOD.SRV,42,nvk116,nvk111,297.0,41.5,8.26,"<4.00,0.00,1.50,0.00>","nvk116	nvk111	297.00	41.50	8.26	<4.00,0.00,1.50,0.00>",88,Nova_Kresanica.NK_08,LEG -141.17 -70.66 -112.56 -135.68 -73.38 -117.99 [Nova_Kresanica.NK_08],Nova_Kresanica.NK_08.111,Nova_Kresanica.NK_08.116,True,-5.49,2.72,5.43,8.18678,-0.07322,296.35594,-0.64406,41.5493,0.0493,True,True,0e37bb54e87896e669a94da633d80106f7aaf2e3ec693ad7b6a6c83824b68117,brak pierwotnego dziennika; cyfry niepotwierdzone,brak w cave.3d,zamknieta petla wyrownana
SAPOD.SRV,43,nvk111,nvk117,282.0,18.0,2.24,"<1.30,1.90,0.00,0.30>","nvk111	nvk117	282.00	18.00	2.24	<1.30,1.90,0.00,0.30>",83,Nova_Kresanica.NK_08,LEG -141.17 -70.66 -112.56 -143.25 -70.22 -111.86 [Nova_Kresanica.NK_08],Nova_Kresanica.NK_08.111,Nova_Kresanica.NK_08.117,False,-2.08,0.44,0.7,2.2383,-0.0017,281.94418,-0.05582,18.22425,0.22425,False,False,0e37bb54e87896e669a94da633d80106f7aaf2e3ec693ad7b6a6c83824b68117,brak pierwotnego dziennika; cyfry niepotwierdzone,brak w cave.3d,zgodna para stacji; roznice zaokraglenia wspolrzednych
SAPOD.SRV,44,nvk117,nvk118,4.0,-20.33,4.3,"<3.50,1.00,0.50,0.30>","nvk117	nvk118	4.00	-20.33	4.30	<3.50,1.00,0.50,0.30>",84,Nova_Kresanica.NK_08,LEG -143.25 -70.22 -111.86 -142.97 -66.19 -113.36 [Nova_Kresanica.NK_08],Nova_Kresanica.NK_08.117,Nova_Kresanica.NK_08.118,False,0.28,4.03,-1.5,4.30921,0.00921,3.97446,-0.02554,-20.37063,-0.04063,False,False,0e37bb54e87896e669a94da633d80106f7aaf2e3ec693ad7b6a6c83824b68117,brak pierwotnego dziennika; cyfry niepotwierdzone,brak w cave.3d,zgodna para stacji; roznice zaokraglenia wspolrzednych
SAPOD.SRV,45,nvk118,nvk119,46.0,18.66,1.28,"<0.00,0.80,0.20,0.30>","nvk118	nvk119	46.00	18.66	1.28	<0.00,0.80,0.20,0.30>",85,Nova_Kresanica.NK_08,LEG -142.97 -66.19 -113.36 -142.10 -65.35 -112.95 [Nova_Kresanica.NK_08],Nova_Kresanica.NK_08.118,Nova_Kresanica.NK_08.119,False,0.87,0.84,0.41,1.27695,-0.00305,46.00509,0.00509,18.72811,0.06811,False,False,0e37bb54e87896e669a94da633d80106f7aaf2e3ec693ad7b6a6c83824b68117,brak pierwotnego dziennika; cyfry niepotwierdzone,brak w cave.3d,zgodna para stacji; roznice zaokraglenia wspolrzednych
SAPOD.SRV,46,nvk119,nvk120,78.0,8.0,2.47,"<0.70,0.60,0.00,0.30>","nvk119	nvk120	78.00	8.00	2.47	<0.70,0.60,0.00,0.30>",86,Nova_Kresanica.NK_08,LEG -142.10 -65.35 -112.95 -139.71 -64.84 -112.60 [Nova_Kresanica.NK_08],Nova_Kresanica.NK_08.119,Nova_Kresanica.NK_08.120,False,2.39,0.51,0.35,2.46874,-0.00126,77.95437,-0.04563,8.15042,0.15042,False,False,0e37bb54e87896e669a94da633d80106f7aaf2e3ec693ad7b6a6c83824b68117,brak pierwotnego dziennika; cyfry niepotwierdzone,brak w cave.3d,zgodna para stacji; roznice zaokraglenia wspolrzednych
SAPOD.SRV,47,nvk120,nvk121,102.0,7.66,2.72,"<4.00,0.10,0.40,0.20>","nvk120	nvk121	102.00	7.66	2.72	<4.00,0.10,0.40,0.20>",87,Nova_Kresanica.NK_08,LEG -139.71 -64.84 -112.60 -137.07 -65.40 -112.24 [Nova_Kresanica.NK_08],Nova_Kresanica.NK_08.120,Nova_Kresanica.NK_08.121,False,2.64,-0.56,0.36,2.72265,0.00265,101.97613,-0.02387,7.59815,-0.06185,False,False,0e37bb54e87896e669a94da633d80106f7aaf2e3ec693ad7b6a6c83824b68117,brak pierwotnego dziennika; cyfry niepotwierdzone,brak w cave.3d,zgodna para stacji; roznice zaokraglenia wspolrzednych
SAPOD.SRV,48,nvk110,nvk122,348.0,27.66,6.6,"<5.00,1.50,1.20,1.00>","nvk110	nvk122	348.00	27.66	6.60	<5.00,1.50,1.20,1.00>",81,Nova_Kresanica.NK_08,LEG -142.14 -72.45 -109.76 -143.35 -66.73 -106.69 [Nova_Kresanica.NK_08],Nova_Kresanica.NK_08.110,Nova_Kresanica.NK_08.122,False,-1.21,5.72,3.07,6.60359,0.00359,348.05582,0.05582,27.70366,0.04366,False,False,0e37bb54e87896e669a94da633d80106f7aaf2e3ec693ad7b6a6c83824b68117,brak pierwotnego dziennika; cyfry niepotwierdzone,brak w cave.3d,zgodna para stacji; roznice zaokraglenia wspolrzednych
STDDZ.SRV,27,nvk47,nvk57,103.0,44.0,7.34,"<1.00,3.00,0.00,1.00>","nvk47	nvk57	103.00	44.00	7.34	<1.00,3.00,0.00,1.00>",37,Nova_Kresanica.NK_05,LEG -66.10 -37.92 -57.30 -60.96 -39.10 -52.20 [Nova_Kresanica.NK_05],Nova_Kresanica.NK_05.47,Nova_Kresanica.NK_05.57,False,5.14,-1.18,5.1,7.33635,-0.00365,102.92947,-0.07053,44.04067,0.04067,False,False,467adb80fa39d3c8fb7f6e0023acb16c2c1d1426c43803f00268a757a309fd2d,brak pierwotnego dziennika; cyfry niepotwierdzone,brak w cave.3d,zgodna para stacji; roznice zaokraglenia wspolrzednych
STDDZ.SRV,28,nvk57,nvk58,127.5,52.0,7.9,"<0.00,1.00,2.00,2.00>","nvk57	nvk58	127.50	52.00	7.90	<0.00,1.00,2.00,2.00>",38,Nova_Kresanica.NK_05,LEG -60.96 -39.10 -52.20 -57.10 -42.06 -45.98 [Nova_Kresanica.NK_05],Nova_Kresanica.NK_05.57,Nova_Kresanica.NK_05.58,False,3.86,-2.96,6.22,7.89618,-0.00382,127.48241,-0.01759,51.97323,-0.02677,False,False,467adb80fa39d3c8fb7f6e0023acb16c2c1d1426c43803f00268a757a309fd2d,brak pierwotnego dziennika; cyfry niepotwierdzone,brak w cave.3d,zgodna para stacji; roznice zaokraglenia wspolrzednych
STDDZ.SRV,29,nvk58,nvk59,238.0,-3.5,11.6,"<1.00,1.50,1.00,0.00>","nvk58	nvk59	238.00	-3.50	11.60	<1.00,1.50,1.00,0.00>",39,Nova_Kresanica.NK_05,LEG -57.10 -42.06 -45.98 -66.92 -48.20 -46.69 [Nova_Kresanica.NK_05],Nova_Kresanica.NK_05.58,Nova_Kresanica.NK_05.59,False,-9.82,-6.14,-0.71,11.60328,0.00328,237.98413,-0.01587,-3.5081,-0.0081,False,False,467adb80fa39d3c8fb7f6e0023acb16c2c1d1426c43803f00268a757a309fd2d,brak pierwotnego dziennika; cyfry niepotwierdzone,brak w cave.3d,zgodna para stacji; roznice zaokraglenia wspolrzednych
STDDZ.SRV,30,nvk59,nvk60,205.5,33.5,3.69,"<0.00,4.00,1.00,1.00>","nvk59	nvk60	205.50	33.50	3.69	<0.00,4.00,1.00,1.00>",40,Nova_Kresanica.NK_05,LEG -66.92 -48.20 -46.69 -68.24 -50.98 -44.65 [Nova_Kresanica.NK_05],Nova_Kresanica.NK_05.59,Nova_Kresanica.NK_05.60,False,-1.32,-2.78,2.04,3.69221,0.00221,205.39931,-0.10069,33.53972,0.03972,False,False,467adb80fa39d3c8fb7f6e0023acb16c2c1d1426c43803f00268a757a309fd2d,brak pierwotnego dziennika; cyfry niepotwierdzone,brak w cave.3d,zgodna para stacji; roznice zaokraglenia wspolrzednych
STDDZ.SRV,31,nvk60,nvk61,244.5,-9.0,12.58,"<2.00,4.00,3.00,3.00>","nvk60	nvk61	244.50	-9.00	12.58	<2.00,4.00,3.00,3.00>",41,Nova_Kresanica.NK_05,LEG -68.24 -50.98 -44.65 -79.46 -56.33 -46.62 [Nova_Kresanica.NK_05],Nova_Kresanica.NK_05.60,Nova_Kresanica.NK_05.61,False,-11.22,-5.35,-1.97,12.58538,0.00538,244.50693,0.00693,-9.00559,-0.00559,False,False,467adb80fa39d3c8fb7f6e0023acb16c2c1d1426c43803f00268a757a309fd2d,brak pierwotnego dziennika; cyfry niepotwierdzone,brak w cave.3d,zgodna para stacji; roznice zaokraglenia wspolrzednych
STDDZ.SRV,32,nvk61,nvk62,231.5,-28.0,9.63,"<3.00,3.00,3.00,0.00>","nvk61	nvk62	231.50	-28.00	9.63	<3.00,3.00,3.00,0.00>",42,Nova_Kresanica.NK_05,LEG -79.46 -56.33 -46.62 -86.11 -61.62 -51.14 [Nova_Kresanica.NK_05],Nova_Kresanica.NK_05.61,Nova_Kresanica.NK_05.62,False,-6.65,-5.29,-4.52,9.62481,-0.00519,231.49815,-0.00185,-28.00961,-0.00961,False,False,467adb80fa39d3c8fb7f6e0023acb16c2c1d1426c43803f00268a757a309fd2d,brak pierwotnego dziennika; cyfry niepotwierdzone,brak w cave.3d,zgodna para stacji; roznice zaokraglenia wspolrzednych
STDDZ.SRV,33,nvk62,nvk63,167.0,-44.0,6.02,"<2.00,3.00,2.00,0.50>","nvk62	nvk63	167.00	-44.00	6.02	<2.00,3.00,2.00,0.50>",43,Nova_Kresanica.NK_05,LEG -86.11 -61.62 -51.14 -85.14 -65.84 -55.32 [Nova_Kresanica.NK_05],Nova_Kresanica.NK_05.62,Nova_Kresanica.NK_05.63,False,0.97,-4.22,-4.18,6.01845,-0.00155,167.05497,0.05497,-43.98989,0.01011,False,False,467adb80fa39d3c8fb7f6e0023acb16c2c1d1426c43803f00268a757a309fd2d,brak pierwotnego dziennika; cyfry niepotwierdzone,brak w cave.3d,zgodna para stacji; roznice zaokraglenia wspolrzednych
STDDZ.SRV,34,nvk63,nvk64,92.0,-54.5,8.21,"<7.00,15.00,1.00,6.00>","nvk63	nvk64	92.00	-54.50	8.21	<7.00,15.00,1.00,6.00>",44,Nova_Kresanica.NK_05,LEG -85.14 -65.84 -55.32 -80.37 -66.00 -62.00 [Nova_Kresanica.NK_05],Nova_Kresanica.NK_05.63,Nova_Kresanica.NK_05.64,False,4.77,-0.16,-6.68,8.20981,-0.00019,91.92115,-0.07885,-54.4552,0.0448,False,False,467adb80fa39d3c8fb7f6e0023acb16c2c1d1426c43803f00268a757a309fd2d,brak pierwotnego dziennika; cyfry niepotwierdzone,brak w cave.3d,zgodna para stacji; roznice zaokraglenia wspolrzednych
STDDZ.SRV,35,nvk64,nvk65,0.0,-90.0,14.75,"<22.00,0.50,3.00,10.00>","nvk64	nvk65	0.00	-90.00	14.75	<22.00,0.50,3.00,10.00>",45,Nova_Kresanica.NK_05,LEG -80.37 -66.00 -62.00 -80.37 -66.00 -76.75 [Nova_Kresanica.NK_05],Nova_Kresanica.NK_05.64,Nova_Kresanica.NK_05.65,False,0.0,0.0,-14.75,14.75,0.0,,,-90.0,0.0,False,False,467adb80fa39d3c8fb7f6e0023acb16c2c1d1426c43803f00268a757a309fd2d,brak pierwotnego dziennika; cyfry niepotwierdzone,brak w cave.3d,zgodna para stacji; roznice zaokraglenia wspolrzednych
STDDZ.SRV,36,nvk65,nvk66,200.0,30.0,12.9,"<1.00,1.50,0.30,0.30>","nvk65	nvk66	200.00	30.00	12.90	<1.00,1.50,0.30,0.30>",46,Nova_Kresanica.NK_05,LEG -80.37 -66.00 -76.75 -84.20 -76.50 -70.30 [Nova_Kresanica.NK_05],Nova_Kresanica.NK_05.65,Nova_Kresanica.NK_05.66,False,-3.83,-10.5,6.45,12.90432,0.00432,200.04004,0.04004,29.98893,-0.01107,False,False,467adb80fa39d3c8fb7f6e0023acb16c2c1d1426c43803f00268a757a309fd2d,brak pierwotnego dziennika; cyfry niepotwierdzone,brak w cave.3d,zgodna para stacji; roznice zaokraglenia wspolrzednych
STDDZ.SRV,37,nvk66,nvk67,230.0,5.0,3.4,"<10.00,1.00,0.30,0.30>","nvk66	nvk67	230.00	5.00	3.40	<10.00,1.00,0.30,0.30>",47,Nova_Kresanica.NK_05,LEG -84.20 -76.50 -70.30 -86.79 -78.68 -70.01 [Nova_Kresanica.NK_05],Nova_Kresanica.NK_05.66,Nova_Kresanica.NK_05.67,False,-2.59,-2.18,0.29,3.39773,-0.00227,229.91272,-0.08728,4.89621,-0.10379,False,False,467adb80fa39d3c8fb7f6e0023acb16c2c1d1426c43803f00268a757a309fd2d,brak pierwotnego dziennika; cyfry niepotwierdzone,brak w cave.3d,zgodna para stacji; roznice zaokraglenia wspolrzednych
STDDZ.SRV,38,nvk67,nvk68,220.0,4.0,4.1,"<5.00,1.00,0.30,1.00>","nvk67	nvk68	220.00	4.00	4.10	<5.00,1.00,0.30,1.00>",48,Nova_Kresanica.NK_05,LEG -86.79 -78.68 -70.01 -89.42 -81.81 -69.72 [Nova_Kresanica.NK_05],Nova_Kresanica.NK_05.67,Nova_Kresanica.NK_05.68,False,-2.63,-3.13,0.29,4.09852,-0.00148,220.03884,0.03884,4.05748,0.05748,False,False,467adb80fa39d3c8fb7f6e0023acb16c2c1d1426c43803f00268a757a309fd2d,brak pierwotnego dziennika; cyfry niepotwierdzone,brak w cave.3d,zgodna para stacji; roznice zaokraglenia wspolrzednych
WSTCZ.SRV,28,nvk0,nvk1,0.0,-90.0,2.75,"<0.00,2.80,0.30,0.30>","nvk0	nvk1	0.00	-90.00	2.75	<0.00,2.80,0.30,0.30>",155,Nova_Kresanica.NK_01,LEG 51.63 5.76 29.12 51.63 5.76 31.87 [Nova_Kresanica.NK_01],Nova_Kresanica.NK_01.1,Nova_Kresanica.NK_01.0,True,0.0,0.0,-2.75,2.75,0.0,,,-90.0,0.0,False,False,af011902622d0e8eacad40d11bbb6721c371e84c3631867c55a16bebfd830438,brak pierwotnego dziennika; cyfry niepotwierdzone,brak w cave.3d,zgodna para stacji; roznice zaokraglenia wspolrzednych
WSTCZ.SRV,29,nvk1,nvk2,275.0,-29.0,5.88,"<4.00,6.00,0.30,0.50>","nvk1	nvk2	275.00	-29.00	5.88	<4.00,6.00,0.30,0.50>",154,Nova_Kresanica.NK_01,LEG 46.51 6.21 26.27 51.63 5.76 29.12 [Nova_Kresanica.NK_01],Nova_Kresanica.NK_01.2,Nova_Kresanica.NK_01.1,True,-5.12,0.45,-2.85,5.87702,-0.00298,275.02285,0.02285,-29.0085,-0.0085,False,False,af011902622d0e8eacad40d11bbb6721c371e84c3631867c55a16bebfd830438,brak pierwotnego dziennika; cyfry niepotwierdzone,brak w cave.3d,zgodna para stacji; roznice zaokraglenia wspolrzednych
WSTCZ.SRV,30,nvk2,nvk3,0.0,-90.0,4.49,"<10.00,1.00,0.30,0.30>","nvk2	nvk3	0.00	-90.00	4.49	<10.00,1.00,0.30,0.30>",153,Nova_Kresanica.NK_01,LEG 46.51 6.21 21.78 46.51 6.21 26.27 [Nova_Kresanica.NK_01],Nova_Kresanica.NK_01.3,Nova_Kresanica.NK_01.2,True,0.0,0.0,-4.49,4.49,-0.0,,,-90.0,0.0,False,False,af011902622d0e8eacad40d11bbb6721c371e84c3631867c55a16bebfd830438,brak pierwotnego dziennika; cyfry niepotwierdzone,brak w cave.3d,zgodna para stacji; roznice zaokraglenia wspolrzednych
WSTCZ.SRV,31,nvk3,nvk4,302.0,2.0,2.76,"<0.50,6.00,0.30,0.30>","nvk3	nvk4	302.00	2.00	2.76	<0.50,6.00,0.30,0.30>",152,Nova_Kresanica.NK_01,LEG 44.17 7.67 21.88 46.51 6.21 21.78 [Nova_Kresanica.NK_01],Nova_Kresanica.NK_01.4,Nova_Kresanica.NK_01.3,True,-2.34,1.46,0.1,2.75993,-7e-05,301.96134,-0.03866,2.07644,0.07644,False,False,af011902622d0e8eacad40d11bbb6721c371e84c3631867c55a16bebfd830438,brak pierwotnego dziennika; cyfry niepotwierdzone,brak w cave.3d,zgodna para stacji; roznice zaokraglenia wspolrzednych
WSTCZ.SRV,32,nvk4,nvk5,278.0,-59.0,4.48,"<5.00,2.00,0.30,0.30>","nvk4	nvk5	278.00	-59.00	4.48	<5.00,2.00,0.30,0.30>",151,Nova_Kresanica.NK_01,LEG 41.89 7.99 18.04 44.17 7.67 21.88 [Nova_Kresanica.NK_01],Nova_Kresanica.NK_01.5,Nova_Kresanica.NK_01.4,True,-2.28,0.32,-3.84,4.47732,-0.00268,277.98933,-0.01067,-59.05439,-0.05439,False,False,af011902622d0e8eacad40d11bbb6721c371e84c3631867c55a16bebfd830438,brak pierwotnego dziennika; cyfry niepotwierdzone,brak w cave.3d,zgodna para stacji; roznice zaokraglenia wspolrzednych
WSTCZ.SRV,33,nvk5,nvk6,249.0,-6.0,7.09,"<6.00,4.00,0.40,0.00>","nvk5	nvk6	249.00	-6.00	7.09	<6.00,4.00,0.40,0.00>",150,Nova_Kresanica.NK_01,LEG 35.30 5.46 17.30 41.89 7.99 18.04 [Nova_Kresanica.NK_01],Nova_Kresanica.NK_01.6,Nova_Kresanica.NK_01.5,True,-6.59,-2.53,-0.74,7.09765,0.00765,248.99745,-0.00255,-5.98453,0.01547,False,False,af011902622d0e8eacad40d11bbb6721c371e84c3631867c55a16bebfd830438,brak pierwotnego dziennika; cyfry niepotwierdzone,brak w cave.3d,zgodna para stacji; roznice zaokraglenia wspolrzednych
WSTCZ.SRV,34,nvk6,nvk7,251.0,-37.0,9.05,"<10.00,0.80,1.00,2.00>","nvk6	nvk7	251.00	-37.00	9.05	<10.00,0.80,1.00,2.00>",149,Nova_Kresanica.NK_01,LEG 28.47 3.11 11.85 35.30 5.46 17.30 [Nova_Kresanica.NK_01],Nova_Kresanica.NK_01.7,Nova_Kresanica.NK_01.6,True,-6.83,-2.35,-5.45,9.04842,-0.00158,251.01318,0.01318,-37.03589,-0.03589,False,False,af011902622d0e8eacad40d11bbb6721c371e84c3631867c55a16bebfd830438,brak pierwotnego dziennika; cyfry niepotwierdzone,brak w cave.3d,zgodna para stacji; roznice zaokraglenia wspolrzednych
WSTCZ.SRV,35,nvk7,nvk8,244.0,39.0,1.84,"<8.50,2.00,1.00,1.50>","nvk7	nvk8	244.00	39.00	1.84	<8.50,2.00,1.00,1.50>",148,Nova_Kresanica.NK_01,LEG 27.18 2.48 13.01 28.47 3.11 11.85 [Nova_Kresanica.NK_01],Nova_Kresanica.NK_01.8,Nova_Kresanica.NK_01.7,True,-1.29,-0.63,1.16,1.8457,0.0057,243.97041,-0.02959,38.9387,-0.0613,False,False,af011902622d0e8eacad40d11bbb6721c371e84c3631867c55a16bebfd830438,brak pierwotnego dziennika; cyfry niepotwierdzone,brak w cave.3d,zgodna para stacji; roznice zaokraglenia wspolrzednych
WSTCZ.SRV,36,nvk8,nvk9,234.0,18.0,10.59,"<3.00,3.00,0.80,0.80>","nvk8	nvk9	234.00	18.00	10.59	<3.00,3.00,0.80,0.80>",147,Nova_Kresanica.NK_01,LEG 19.04 -3.44 16.28 27.18 2.48 13.01 [Nova_Kresanica.NK_01],Nova_Kresanica.NK_01.9,Nova_Kresanica.NK_01.8,True,-8.14,-5.92,3.27,10.58295,-0.00705,233.97263,-0.02737,17.99822,-0.00178,False,False,af011902622d0e8eacad40d11bbb6721c371e84c3631867c55a16bebfd830438,brak pierwotnego dziennika; cyfry niepotwierdzone,brak w cave.3d,zgodna para stacji; roznice zaokraglenia wspolrzednych
WSTCZ.SRV,37,nvk9,nvk10,266.0,-42.5,10.98,"<2.00,1.00,1.00,0.00>","nvk9	nvk10	266.00	-42.50	10.98	<2.00,1.00,1.00,0.00>",146,Nova_Kresanica.NK_01,LEG 10.96 -4.00 8.86 19.04 -3.44 16.28 [Nova_Kresanica.NK_01],Nova_Kresanica.NK_01.10,Nova_Kresanica.NK_01.9,True,-8.08,-0.56,-7.42,10.98437,0.00437,266.03535,0.03535,-42.4934,0.0066,False,False,af011902622d0e8eacad40d11bbb6721c371e84c3631867c55a16bebfd830438,brak pierwotnego dziennika; cyfry niepotwierdzone,brak w cave.3d,zgodna para stacji; roznice zaokraglenia wspolrzednych
WSTCZ.SRV,38,nvk10,nvk11,252.0,-11.0,6.06,"<0.60,0.60,1.00,0.50>","nvk10	nvk11	252.00	-11.00	6.06	<0.60,0.60,1.00,0.50>",145,Nova_Kresanica.NK_01,LEG 5.30 -5.84 7.71 10.96 -4.00 8.86 [Nova_Kresanica.NK_01],Nova_Kresanica.NK_01.11,Nova_Kresanica.NK_01.10,True,-5.66,-1.84,-1.15,6.06166,0.00166,251.99126,-0.00874,-10.93627,0.06373,False,False,af011902622d0e8eacad40d11bbb6721c371e84c3631867c55a16bebfd830438,brak pierwotnego dziennika; cyfry niepotwierdzone,brak w cave.3d,zgodna para stacji; roznice zaokraglenia wspolrzednych
WSTCZ.SRV,39,nvk11,nvk12,242.0,-28.5,5.9,"<3.00,5.00,0.00,10.00>","nvk11	nvk12	242.00	-28.50	5.90	<3.00,5.00,0.00,10.00>",144,Nova_Kresanica.NK_01,LEG 0.72 -8.27 4.89 5.30 -5.84 7.71 [Nova_Kresanica.NK_01],Nova_Kresanica.NK_01.12,Nova_Kresanica.NK_01.11,True,-4.58,-2.43,-2.82,5.90201,0.00201,242.05102,0.05102,-28.54204,-0.04204,False,False,af011902622d0e8eacad40d11bbb6721c371e84c3631867c55a16bebfd830438,brak pierwotnego dziennika; cyfry niepotwierdzone,brak w cave.3d,zgodna para stacji; roznice zaokraglenia wspolrzednych
WSTCZ.SRV,40,nvk12,nvk13,355.0,-30.5,9.64,"<12.00,1.00,8.00	5.00>","nvk12	nvk13	355.00	-30.50	9.64	<12.00,1.00,8.00	5.00>",143,Nova_Kresanica.NK_01,LEG 0.00 0.00 0.00 0.72 -8.27 4.89 [Nova_Kresanica.NK_01],Nova_Kresanica.NK_01.13,Nova_Kresanica.NK_01.12,True,-0.72,8.27,-4.89,9.63449,-0.00551,355.02428,0.02428,-30.50087,-0.00087,False,False,af011902622d0e8eacad40d11bbb6721c371e84c3631867c55a16bebfd830438,brak pierwotnego dziennika; cyfry niepotwierdzone,brak w cave.3d,zgodna para stacji; roznice zaokraglenia wspolrzednych
WSTCZ.SRV,41,nvk13,nvk14a,108.5,-3.0,1.99,,nvk13	nvk14a	108.50	-3.00	1.99,130,Nova_Kresanica.NK_01,LEG 0.00 0.00 0.00 1.88 -0.63 -0.10 [Nova_Kresanica.NK_01],Nova_Kresanica.NK_01.13,Nova_Kresanica.NK_01.14a,False,1.88,-0.63,-0.1,1.98527,-0.00473,108.52633,0.02633,-2.88727,0.11273,False,False,af011902622d0e8eacad40d11bbb6721c371e84c3631867c55a16bebfd830438,brak pierwotnego dziennika; cyfry niepotwierdzone,nie dotyczy,zgodna para stacji; roznice zaokraglenia wspolrzednych
WSTCZ.SRV,42,nvk13,nvk14,216.0,-6.0,8.39,"<8.00,2.00,3.00,6.00>","nvk13	nvk14	216.00	-6.00	8.39	<8.00,2.00,3.00,6.00>",1,Nova_Kresanica.NK_02,LEG 0.00 0.00 0.00 -4.90 -6.75 -0.88 [Nova_Kresanica.NK_02],Nova_Kresanica.NK_02.13,Nova_Kresanica.NK_02.14,False,-4.9,-6.75,-0.88,8.38731,-0.00269,215.97687,-0.02313,-6.02258,-0.02258,False,False,af011902622d0e8eacad40d11bbb6721c371e84c3631867c55a16bebfd830438,brak pierwotnego dziennika; cyfry niepotwierdzone,brak w cave.3d,zgodna para stacji; roznice zaokraglenia wspolrzednych
WSTCZ.SRV,43,nvk14,nvk14b,149.0,32.0,4.35,,nvk14	nvk14b	149.00	32.00	4.35,128,Nova_Kresanica.NK_02,LEG -4.90 -6.75 -0.88 -3.00 -9.91 1.43 [Nova_Kresanica.NK_02],Nova_Kresanica.NK_02.14,Nova_Kresanica.NK_02.14b,False,1.9,-3.16,2.31,4.35106,0.00106,148.98295,-0.01705,32.06665,0.06665,False,False,af011902622d0e8eacad40d11bbb6721c371e84c3631867c55a16bebfd830438,brak pierwotnego dziennika; cyfry niepotwierdzone,nie dotyczy,zgodna para stacji; roznice zaokraglenia wspolrzednych
WSTCZ.SRV,44,nvk14b,nvk15b,220.0,10.0,3.64,"<1.00,1.00,2.00,1.00>","nvk14b	nvk15b	220.00	10.00	3.64	<1.00,1.00,2.00,1.00>",129,Nova_Kresanica.NK_02,LEG -3.00 -9.91 1.43 -5.31 -12.66 2.06 [Nova_Kresanica.NK_02],Nova_Kresanica.NK_02.14b,Nova_Kresanica.NK_02.15b,False,-2.31,-2.75,0.63,3.6463,0.0063,220.03026,0.03026,9.94937,-0.05063,False,False,af011902622d0e8eacad40d11bbb6721c371e84c3631867c55a16bebfd830438,brak pierwotnego dziennika; cyfry niepotwierdzone,brak w cave.3d,zgodna para stacji; roznice zaokraglenia wspolrzednych
WSTCZ.SRV,45,nvk14,nvk15,198.0,-6.0,2.02,"<9.00,1.50,5.00,1.00>","nvk14	nvk15	198.00	-6.00	2.02	<9.00,1.50,5.00,1.00>",2,Nova_Kresanica.NK_02,LEG -4.90 -6.75 -0.88 -5.53 -8.66 -1.09 [Nova_Kresanica.NK_02],Nova_Kresanica.NK_02.14,Nova_Kresanica.NK_02.15,False,-0.63,-1.91,-0.21,2.02215,0.00215,198.25477,0.25477,-5.9609,0.0391,False,False,af011902622d0e8eacad40d11bbb6721c371e84c3631867c55a16bebfd830438,brak pierwotnego dziennika; cyfry niepotwierdzone,brak w cave.3d,zgodna para stacji; roznice zaokraglenia wspolrzednych
WSTCZ.SRV,46,nvk15,nvk16,3.0,-31.5,16.68,"<2.00,1.50,1.00,1.00>","nvk15	nvk16	3.00	-31.50	16.68	<2.00,1.50,1.00,1.00>",3,Nova_Kresanica.NK_02,LEG -5.53 -8.66 -1.09 -4.78 5.54 -9.80 [Nova_Kresanica.NK_02],Nova_Kresanica.NK_02.15,Nova_Kresanica.NK_02.16,False,0.75,14.2,-8.71,16.67533,-0.00467,3.02338,0.02338,-31.48857,0.01143,False,False,af011902622d0e8eacad40d11bbb6721c371e84c3631867c55a16bebfd830438,brak pierwotnego dziennika; cyfry niepotwierdzone,brak w cave.3d,zgodna para stacji; roznice zaokraglenia wspolrzednych
WSTCZ.SRV,47,nvk16,nvk17,126.0,4.0,4.26,"<3.00,4.00,2.00,5.00>","nvk16	nvk17	126.00	4.00	4.26	<3.00,4.00,2.00,5.00>",4,Nova_Kresanica.NK_02,LEG -4.78 5.54 -9.80 -1.34 3.04 -9.51 [Nova_Kresanica.NK_02],Nova_Kresanica.NK_02.16,Nova_Kresanica.NK_02.17,False,3.44,-2.5,0.29,4.26236,0.00236,126.00756,0.00756,3.90127,-0.09873,False,False,af011902622d0e8eacad40d11bbb6721c371e84c3631867c55a16bebfd830438,brak pierwotnego dziennika; cyfry niepotwierdzone,brak w cave.3d,zgodna para stacji; roznice zaokraglenia wspolrzednych
WSTCZ.SRV,48,nvk17,nvk18,151.0,-33.0,5.39,"<4.00,2.00,2.00,2.00>","nvk17	nvk18	151.00	-33.00	5.39	<4.00,2.00,2.00,2.00>",5,Nova_Kresanica.NK_02,LEG -1.34 3.04 -9.51 0.85 -0.91 -12.44 [Nova_Kresanica.NK_02],Nova_Kresanica.NK_02.17,Nova_Kresanica.NK_02.18,False,2.19,-3.95,-2.93,5.38363,-0.00637,150.99468,-0.00532,-32.97289,0.02711,False,False,af011902622d0e8eacad40d11bbb6721c371e84c3631867c55a16bebfd830438,brak pierwotnego dziennika; cyfry niepotwierdzone,brak w cave.3d,zgodna para stacji; roznice zaokraglenia wspolrzednych
WSTCZ.SRV,49,nvk18,nvk19,77.0,-52.0,3.37,"<10.00,1.50,2.00,2.00>","nvk18	nvk19	77.00	-52.00	3.37	<10.00,1.50,2.00,2.00>",6,Nova_Kresanica.NK_02,LEG 0.85 -0.91 -12.44 2.87 -0.44 -15.10 [Nova_Kresanica.NK_02],Nova_Kresanica.NK_02.18,Nova_Kresanica.NK_02.19,False,2.02,0.47,-2.66,3.37297,0.00297,76.90185,-0.09815,-52.05705,-0.05705,False,False,af011902622d0e8eacad40d11bbb6721c371e84c3631867c55a16bebfd830438,brak pierwotnego dziennika; cyfry niepotwierdzone,brak w cave.3d,zgodna para stacji; roznice zaokraglenia wspolrzednych
WSTCZ.SRV,50,nvk19,nvk20,335.0,-45.5,5.7,"<1.00,0.20,0.50,0.50>","nvk19	nvk20	335.00	-45.50	5.70	<1.00,0.20,0.50,0.50>",7,Nova_Kresanica.NK_02,LEG 2.87 -0.44 -15.10 1.18 3.18 -19.16 [Nova_Kresanica.NK_02],Nova_Kresanica.NK_02.19,Nova_Kresanica.NK_02.20,False,-1.69,3.62,-4.06,5.69597,-0.00403,334.97444,-0.02556,-45.46191,0.03809,False,False,af011902622d0e8eacad40d11bbb6721c371e84c3631867c55a16bebfd830438,brak pierwotnego dziennika; cyfry niepotwierdzone,brak w cave.3d,zgodna para stacji; roznice zaokraglenia wspolrzednych
WSTCZ.SRV,51,nvk20,nvk21,275.0,-36.0,3.43,"<1.50,0.00,0.30,0.30>","nvk20	nvk21	275.00	-36.00	3.43	<1.50,0.00,0.30,0.30>",8,Nova_Kresanica.NK_02,LEG 1.18 3.18 -19.16 -1.58 3.42 -21.18 [Nova_Kresanica.NK_02],Nova_Kresanica.NK_02.20,Nova_Kresanica.NK_02.21,False,-2.76,0.24,-2.02,3.42864,-0.00136,274.96974,-0.03026,-36.09701,-0.09701,False,False,af011902622d0e8eacad40d11bbb6721c371e84c3631867c55a16bebfd830438,brak pierwotnego dziennika; cyfry niepotwierdzone,brak w cave.3d,zgodna para stacji; roznice zaokraglenia wspolrzednych
WSTCZ.SRV,52,nvk21,nvk22a,202.0,25.0,5.49,,nvk21	nvk22a	202.00	25.00	5.49,126,Nova_Kresanica.NK_02,LEG -1.58 3.42 -21.18 -3.45 -1.19 -18.86 [Nova_Kresanica.NK_02],Nova_Kresanica.NK_02.21,Nova_Kresanica.NK_02.22a,False,-1.87,-4.61,2.32,5.48921,-0.00079,202.07944,0.07944,25.00185,0.00185,False,False,af011902622d0e8eacad40d11bbb6721c371e84c3631867c55a16bebfd830438,brak pierwotnego dziennika; cyfry niepotwierdzone,nie dotyczy,zgodna para stacji; roznice zaokraglenia wspolrzednych
WSTCZ.SRV,53,nvk22a,nvk23a,255.0,-38.0,3.29,"<1.00,1.00,0.30,0.30>","nvk22a	nvk23a	255.00	-38.00	3.29	<1.00,1.00,0.30,0.30>",127,Nova_Kresanica.NK_02,LEG -3.45 -1.19 -18.86 -5.95 -1.86 -20.88 [Nova_Kresanica.NK_02],Nova_Kresanica.NK_02.22a,Nova_Kresanica.NK_02.23a,False,-2.5,-0.67,-2.02,3.28318,-0.00682,254.99728,-0.00272,-37.97055,0.02945,False,False,af011902622d0e8eacad40d11bbb6721c371e84c3631867c55a16bebfd830438,brak pierwotnego dziennika; cyfry niepotwierdzone,brak w cave.3d,zgodna para stacji; roznice zaokraglenia wspolrzednych
WSTCZ.SRV,54,nvk21,nvk22,169.0,-44.0,3.75,"<3.00,3.30,0.30,0.30>","nvk21	nvk22	169.00	-44.00	3.75	<3.00,3.30,0.30,0.30>",9,Nova_Kresanica.NK_02,LEG -1.58 3.42 -21.18 -1.07 0.77 -23.78 [Nova_Kresanica.NK_02],Nova_Kresanica.NK_02.21,Nova_Kresanica.NK_02.22,False,0.51,-2.65,-2.6,3.74735,-0.00265,169.10645,0.10645,-43.93361,0.06639,False,False,af011902622d0e8eacad40d11bbb6721c371e84c3631867c55a16bebfd830438,brak pierwotnego dziennika; cyfry niepotwierdzone,brak w cave.3d,zgodna para stacji; roznice zaokraglenia wspolrzednych
WSTCZ.SRV,55,nvk22,nvk23,0.0,-90.0,3.05,"<5.00,0.30,0.30,0.30>","nvk22	nvk23	0.00	-90.00	3.05	<5.00,0.30,0.30,0.30>",10,Nova_Kresanica.NK_02,LEG -1.07 0.77 -23.78 -1.07 0.77 -26.83 [Nova_Kresanica.NK_02],Nova_Kresanica.NK_02.22,Nova_Kresanica.NK_02.23,False,0.0,0.0,-3.05,3.05,-0.0,,,-90.0,0.0,False,False,af011902622d0e8eacad40d11bbb6721c371e84c3631867c55a16bebfd830438,brak pierwotnego dziennika; cyfry niepotwierdzone,brak w cave.3d,zgodna para stacji; roznice zaokraglenia wspolrzednych
WSTCZ.SRV,56,nvk23,nvk24,292.0,1.0,1.39,"<2.00,2.00,1.00,1.00>","nvk23	nvk24	292.00	1.00	1.39	<2.00,2.00,1.00,1.00>",11,Nova_Kresanica.NK_02,LEG -1.07 0.77 -26.83 -2.36 1.29 -26.81 [Nova_Kresanica.NK_02],Nova_Kresanica.NK_02.23,Nova_Kresanica.NK_02.24,False,-1.29,0.52,0.02,1.39101,0.00101,291.9544,-0.0456,0.82383,-0.17617,False,False,af011902622d0e8eacad40d11bbb6721c371e84c3631867c55a16bebfd830438,brak pierwotnego dziennika; cyfry niepotwierdzone,brak w cave.3d,zgodna para stacji; roznice zaokraglenia wspolrzednych
WSTCZ.SRV,57,nvk24,nvk24a,319.0,-46.0,4.4,,nvk24	nvk24a	319.00	-46.00	4.40,121,Nova_Kresanica.NK_02,LEG -2.36 1.29 -26.81 -4.36 3.60 -29.97 [Nova_Kresanica.NK_02],Nova_Kresanica.NK_02.24,Nova_Kresanica.NK_02.24a,False,-2.0,2.31,-3.16,4.39565,-0.00435,319.11396,0.11396,-45.96318,0.03682,False,False,af011902622d0e8eacad40d11bbb6721c371e84c3631867c55a16bebfd830438,brak pierwotnego dziennika; cyfry niepotwierdzone,nie dotyczy,zgodna para stacji; roznice zaokraglenia wspolrzednych
WSTCZ.SRV,58,nvk24a,nvk25a,49.0,-12.5,6.64,"<1.00,3.00,1.00,1.00>","nvk24a	nvk25a	49.00	-12.50	6.64	<1.00,3.00,1.00,1.00>",122,Nova_Kresanica.NK_02,LEG -4.36 3.60 -29.97 0.53 7.85 -31.41 [Nova_Kresanica.NK_02],Nova_Kresanica.NK_02.24a,Nova_Kresanica.NK_02.25a,False,4.89,4.25,-1.44,6.63688,-0.00312,49.00542,0.00542,-12.53109,-0.03109,False,False,af011902622d0e8eacad40d11bbb6721c371e84c3631867c55a16bebfd830438,brak pierwotnego dziennika; cyfry niepotwierdzone,brak w cave.3d,zgodna para stacji; roznice zaokraglenia wspolrzednych
WSTCZ.SRV,59,nvk25a,nvk26a,353.0,-35.0,2.37,"<2.00,2.00,0.00,2.00>","nvk25a	nvk26a	353.00	-35.00	2.37	<2.00,2.00,0.00,2.00>",123,Nova_Kresanica.NK_02,LEG 0.53 7.85 -31.41 0.29 9.78 -32.77 [Nova_Kresanica.NK_02],Nova_Kresanica.NK_02.25a,Nova_Kresanica.NK_02.26a,False,-0.24,1.93,-1.36,2.3732,0.0032,352.91152,-0.08848,-34.96422,0.03578,False,False,af011902622d0e8eacad40d11bbb6721c371e84c3631867c55a16bebfd830438,brak pierwotnego dziennika; cyfry niepotwierdzone,brak w cave.3d,zgodna para stacji; roznice zaokraglenia wspolrzednych
WSTCZ.SRV,60,nvk26a,nvk27a,68.0,8.0,3.68,"<2.00,3.00,3.00,1.00>","nvk26a	nvk27a	68.00	8.00	3.68	<2.00,3.00,3.00,1.00>",124,Nova_Kresanica.NK_02,LEG 0.29 9.78 -32.77 3.67 11.14 -32.26 [Nova_Kresanica.NK_02],Nova_Kresanica.NK_02.26a,Nova_Kresanica.NK_02.27a,False,3.38,1.36,0.51,3.67887,-0.00113,68.08178,0.08178,7.96855,-0.03145,False,False,af011902622d0e8eacad40d11bbb6721c371e84c3631867c55a16bebfd830438,brak pierwotnego dziennika; cyfry niepotwierdzone,brak w cave.3d,zgodna para stacji; roznice zaokraglenia wspolrzednych
WSTCZ.SRV,61,nvk27a,nvk28a,24.0,25.0,4.46,"<1.00,1.00,0.30,0.30>","nvk27a	nvk28a	24.00	25.00	4.46	<1.00,1.00,0.30,0.30>",125,Nova_Kresanica.NK_02,LEG 3.67 11.14 -32.26 5.32 14.84 -30.37 [Nova_Kresanica.NK_02],Nova_Kresanica.NK_02.27a,Nova_Kresanica.NK_02.28a,False,1.65,3.7,1.89,4.47041,0.01041,24.03429,0.03429,25.0102,0.0102,False,True,af011902622d0e8eacad40d11bbb6721c371e84c3631867c55a16bebfd830438,brak pierwotnego dziennika; cyfry niepotwierdzone,brak w cave.3d,zgodna para stacji; roznice zaokraglenia wspolrzednych
WSTCZ.SRV,62,nvk24,nvk25,256.0,-34.0,18.94,"<2.00,1.00,0.00,1.00>","nvk24	nvk25	256.00	-34.00	18.94	<2.00,1.00,0.00,1.00>",12,Nova_Kresanica.NK_02,LEG -2.36 1.29 -26.81 -17.59 -2.51 -37.40 [Nova_Kresanica.NK_02],Nova_Kresanica.NK_02.24,Nova_Kresanica.NK_02.25,False,-15.23,-3.8,-10.59,18.93518,-0.00482,255.99032,-0.00968,-34.00578,-0.00578,False,False,af011902622d0e8eacad40d11bbb6721c371e84c3631867c55a16bebfd830438,brak pierwotnego dziennika; cyfry niepotwierdzone,brak w cave.3d,zgodna para stacji; roznice zaokraglenia wspolrzednych
WSTCZ.SRV,63,nvk25,nvk26,231.0,2.0,3.65,"<2.00,0.00,0.20,0.40>","nvk25	nvk26	231.00	2.00	3.65	<2.00,0.00,0.20,0.40>",13,Nova_Kresanica.NK_02,LEG -17.59 -2.51 -37.40 -20.43 -4.80 -37.27 [Nova_Kresanica.NK_02],Nova_Kresanica.NK_02.25,Nova_Kresanica.NK_02.26,False,-2.84,-2.29,0.13,3.65056,0.00056,231.11945,0.11945,2.04079,0.04079,False,False,af011902622d0e8eacad40d11bbb6721c371e84c3631867c55a16bebfd830438,brak pierwotnego dziennika; cyfry niepotwierdzone,brak w cave.3d,zgodna para stacji; roznice zaokraglenia wspolrzednych
WSTCZ.SRV,64,nvk26,nvk27,233.0,-22.0,6.59,"<2.00,1.50,0.30,0.30>","nvk26	nvk27	233.00	-22.00	6.59	<2.00,1.50,0.30,0.30>",14,Nova_Kresanica.NK_02,LEG -20.43 -4.80 -37.27 -25.31 -8.48 -39.74 [Nova_Kresanica.NK_02],Nova_Kresanica.NK_02.26,Nova_Kresanica.NK_02.27,False,-4.88,-3.68,-2.47,6.59225,0.00225,232.98011,-0.01989,-22.0047,-0.0047,False,False,af011902622d0e8eacad40d11bbb6721c371e84c3631867c55a16bebfd830438,brak pierwotnego dziennika; cyfry niepotwierdzone,brak w cave.3d,zgodna para stacji; roznice zaokraglenia wspolrzednych
WSTCZ.SRV,65,nvk27,nvk28,252.0,-39.0,2.93,"<0.00,1.00,0.30,0.30>","nvk27	nvk28	252.00	-39.00	2.93	<0.00,1.00,0.30,0.30>",15,Nova_Kresanica.NK_02,LEG -25.31 -8.48 -39.74 -27.47 -9.18 -41.59 [Nova_Kresanica.NK_02],Nova_Kresanica.NK_02.27,Nova_Kresanica.NK_02.28,False,-2.16,-0.7,-1.85,2.92884,-0.00116,252.04383,0.04383,-39.17193,-0.17193,False,False,af011902622d0e8eacad40d11bbb6721c371e84c3631867c55a16bebfd830438,brak pierwotnego dziennika; cyfry niepotwierdzone,brak w cave.3d,zgodna para stacji; roznice zaokraglenia wspolrzednych
WSTCZ.SRV,66,nvk14a,nvk15a,0.0,-90.0,1.87,"<13.50,2.00,2.00,4.00>","nvk14a	nvk15a	0.00	-90.00	1.87	<13.50,2.00,2.00,4.00>",131,Nova_Kresanica.NK_01,LEG 1.88 -0.63 -0.10 1.88 -0.63 -1.97 [Nova_Kresanica.NK_01],Nova_Kresanica.NK_01.14a,Nova_Kresanica.NK_01.15a,False,0.0,0.0,-1.87,1.87,-0.0,,,-90.0,0.0,False,False,af011902622d0e8eacad40d11bbb6721c371e84c3631867c55a16bebfd830438,brak pierwotnego dziennika; cyfry niepotwierdzone,brak w cave.3d,zgodna para stacji; roznice zaokraglenia wspolrzednych
WSTCZ.SRV,67,nvk15a,nvk16a,104.0,-15.5,1.34,"<1.00,3.00,2.00,2.00>","nvk15a	nvk16a	104.00	-15.50	1.34	<1.00,3.00,2.00,2.00>",132,Nova_Kresanica.NK_01,LEG 1.88 -0.63 -1.97 3.14 -0.94 -2.33 [Nova_Kresanica.NK_01],Nova_Kresanica.NK_01.15a,Nova_Kresanica.NK_01.16a,False,1.26,-0.31,-0.36,1.34659,0.00659,103.82205,-0.17795,-15.50618,-0.00618,False,False,af011902622d0e8eacad40d11bbb6721c371e84c3631867c55a16bebfd830438,brak pierwotnego dziennika; cyfry niepotwierdzone,brak w cave.3d,zgodna para stacji; roznice zaokraglenia wspolrzednych
WSTCZ.SRV,68,nvk16a,nvk17a,0.0,-90.0,2.55,"<3.00,0.50,2.00,2.00>","nvk16a	nvk17a	0.00	-90.00	2.55	<3.00,0.50,2.00,2.00>",133,Nova_Kresanica.NK_01,LEG 3.14 -0.94 -2.33 3.14 -0.94 -4.88 [Nova_Kresanica.NK_01],Nova_Kresanica.NK_01.16a,Nova_Kresanica.NK_01.17a,False,0.0,0.0,-2.55,2.55,0.0,,,-90.0,0.0,False,False,af011902622d0e8eacad40d11bbb6721c371e84c3631867c55a16bebfd830438,brak pierwotnego dziennika; cyfry niepotwierdzone,brak w cave.3d,zgodna para stacji; roznice zaokraglenia wspolrzednych
WSTCZ.SRV,69,nvk17a,nvk17c,86.0,-13.0,1.5,"<2.00,1.00,2.00,2.00>","nvk17a	nvk17c	86.00	-13.00	1.50	<2.00,1.00,2.00,2.00>",134,Nova_Kresanica.NK_01,LEG 3.14 -0.94 -4.88 4.60 -0.84 -5.22 [Nova_Kresanica.NK_01],Nova_Kresanica.NK_01.17a,Nova_Kresanica.NK_01.17c,False,1.46,0.1,-0.34,1.5024,0.0024,86.08175,0.08175,-13.07962,-0.07962,False,False,af011902622d0e8eacad40d11bbb6721c371e84c3631867c55a16bebfd830438,brak pierwotnego dziennika; cyfry niepotwierdzone,brak w cave.3d,zgodna para stacji; roznice zaokraglenia wspolrzednych
WSTCZ.SRV,70,nvk17c,nvk18c,167.0,-41.0,2.6,,nvk17c	nvk18c	167.00	-41.00	2.60,140,Nova_Kresanica.NK_01,LEG 4.60 -0.84 -5.22 5.04 -2.75 -6.93 [Nova_Kresanica.NK_01],Nova_Kresanica.NK_01.17c,Nova_Kresanica.NK_01.18c,False,0.44,-1.91,-1.71,2.60112,0.00112,167.02729,0.02729,-41.10267,-0.10267,False,False,af011902622d0e8eacad40d11bbb6721c371e84c3631867c55a16bebfd830438,brak pierwotnego dziennika; cyfry niepotwierdzone,nie dotyczy,zgodna para stacji; roznice zaokraglenia wspolrzednych
WSTCZ.SRV,71,nvk18c,nvk19c,198.0,1.0,1.58,"<2.00,4.40,2.00,2.00>","nvk18c	nvk19c	198.00	1.00	1.58	<2.00,4.40,2.00,2.00>",141,Nova_Kresanica.NK_01,LEG 5.04 -2.75 -6.93 4.55 -4.26 -6.90 [Nova_Kresanica.NK_01],Nova_Kresanica.NK_01.18c,Nova_Kresanica.NK_01.19c,False,-0.49,-1.51,0.03,1.5878,0.0078,197.97842,-0.02158,1.08262,0.08262,False,False,af011902622d0e8eacad40d11bbb6721c371e84c3631867c55a16bebfd830438,brak pierwotnego dziennika; cyfry niepotwierdzone,brak w cave.3d,zgodna para stacji; roznice zaokraglenia wspolrzednych
WSTCZ.SRV,72,nvk19c,nvk20c,0.0,-90.0,4.39,"<6.00,0.00,1.00,1.00>","nvk19c	nvk20c	0.00	-90.00	4.39	<6.00,0.00,1.00,1.00>",142,Nova_Kresanica.NK_01,LEG 4.55 -4.26 -6.90 4.55 -4.26 -11.29 [Nova_Kresanica.NK_01],Nova_Kresanica.NK_01.19c,Nova_Kresanica.NK_01.20c,False,0.0,0.0,-4.39,4.39,-0.0,,,-90.0,0.0,False,False,af011902622d0e8eacad40d11bbb6721c371e84c3631867c55a16bebfd830438,brak pierwotnego dziennika; cyfry niepotwierdzone,brak w cave.3d,zgodna para stacji; roznice zaokraglenia wspolrzednych
WSTCZ.SRV,73,nvk17c,nvk18a,72.0,-12.0,4.71,"<1.00,2.00,2.00,4.00>","nvk17c	nvk18a	72.00	-12.00	4.71	<1.00,2.00,2.00,4.00>",135,Nova_Kresanica.NK_01,LEG 4.60 -0.84 -5.22 8.98 0.58 -6.20 [Nova_Kresanica.NK_01],Nova_Kresanica.NK_01.17c,Nova_Kresanica.NK_01.18a,False,4.38,1.42,-0.98,4.70757,-0.00243,72.03726,0.03726,-12.01545,-0.01545,False,False,af011902622d0e8eacad40d11bbb6721c371e84c3631867c55a16bebfd830438,brak pierwotnego dziennika; cyfry niepotwierdzone,brak w cave.3d,zgodna para stacji; roznice zaokraglenia wspolrzednych
WSTCZ.SRV,74,nvk18a,nvk19b,166.0,-49.0,6.26,,nvk18a	nvk19b	166.00	-49.00	6.26,138,Nova_Kresanica.NK_01,LEG 8.98 0.58 -6.20 9.97 -3.40 -10.92 [Nova_Kresanica.NK_01],Nova_Kresanica.NK_01.18a,Nova_Kresanica.NK_01.19b,False,0.99,-3.98,-4.72,6.25291,-0.00709,166.03152,0.03152,-49.01212,-0.01212,False,False,af011902622d0e8eacad40d11bbb6721c371e84c3631867c55a16bebfd830438,brak pierwotnego dziennika; cyfry niepotwierdzone,nie dotyczy,zgodna para stacji; roznice zaokraglenia wspolrzednych
WSTCZ.SRV,75,nvk19b,nvk20b,15.0,0.0,2.5,"<1.50,3.00,1.00,1.00>","nvk19b	nvk20b	15.00	0.00	2.50	<1.50,3.00,1.00,1.00>",139,Nova_Kresanica.NK_01,LEG 9.97 -3.40 -10.92 10.62 -0.99 -10.92 [Nova_Kresanica.NK_01],Nova_Kresanica.NK_01.19b,Nova_Kresanica.NK_01.20b,False,0.65,2.41,0.0,2.49612,-0.00388,15.09406,0.09406,0.0,0.0,False,False,af011902622d0e8eacad40d11bbb6721c371e84c3631867c55a16bebfd830438,brak pierwotnego dziennika; cyfry niepotwierdzone,brak w cave.3d,zgodna para stacji; roznice zaokraglenia wspolrzednych
WSTCZ.SRV,76,nvk18a,nvk19a,113.0,7.0,2.89,"<2.50,2.00,3.00,0.00>","nvk18a	nvk19a	113.00	7.00	2.89	<2.50,2.00,3.00,0.00>",136,Nova_Kresanica.NK_01,LEG 8.98 0.58 -6.20 11.62 -0.54 -5.85 [Nova_Kresanica.NK_01],Nova_Kresanica.NK_01.18a,Nova_Kresanica.NK_01.19a,False,2.64,-1.12,0.35,2.88903,-0.00097,112.98872,-0.01128,6.95836,-0.04164,False,False,af011902622d0e8eacad40d11bbb6721c371e84c3631867c55a16bebfd830438,brak pierwotnego dziennika; cyfry niepotwierdzone,brak w cave.3d,zgodna para stacji; roznice zaokraglenia wspolrzednych
WSTCZ.SRV,77,nvk19a,nvk20a,71.0,19.0,5.12,"<0.00,1.50,0.00,1.50>","nvk19a	nvk20a	71.00	19.00	5.12	<0.00,1.50,0.00,1.50>",137,Nova_Kresanica.NK_01,LEG 11.62 -0.54 -5.85 16.19 1.04 -4.18 [Nova_Kresanica.NK_01],Nova_Kresanica.NK_01.19a,Nova_Kresanica.NK_01.20a,False,4.57,1.58,1.67,5.11568,-0.00432,70.92804,-0.07196,19.05328,0.05328,False,False,af011902622d0e8eacad40d11bbb6721c371e84c3631867c55a16bebfd830438,brak pierwotnego dziennika; cyfry niepotwierdzone,brak w cave.3d,zgodna para stacji; roznice zaokraglenia wspolrzednych
